Ticker,Name,Sector,Sub-Sector,Country,Index,Market Cap,Enterprise Value,Income,Sales,Book/sh,Cash/sh,Dividend Est.,Dividend TTM,Dividend Ex-Date,Dividend Gr. 3/5Y,Payout,Employees,IPO,P/E,Forward P/E,PEG,P/S,P/B,P/C,P/FCF,EV/EBITDA,EV/Sales,Quick Ratio,Current Ratio,Debt/Eq,LT Debt/Eq,Option/Short,EPS (ttm),EPS next Y,EPS next Q,EPS this Y,EPS next 5Y,EPS past 3/5Y,Sales past 3/5Y,EPS Y/Y TTM,Sales Y/Y TTM,EPS Q/Q,Sales Q/Q,Earnings,EPS/Sales Surpr.,Insider Own,Insider Trans,Inst Own,Inst Trans,ROA,ROE,ROIC,Gross Margin,Oper. Margin,Profit Margin,SMA20,SMA50,SMA200,Trades,Shs Outstand,Shs Float,Short Float,Short Ratio,Short Interest,52W High,52W Low,Volatility,ATR (14),RSI (14),Beta,Rel Volume,Avg Volume,Volume,Perf Week,Perf Month,Perf Quarter,Perf Half Y,Perf YTD,Perf Year,Perf 3Y,Perf 5Y,Perf 10Y,Recom,Target Price,Prev Close,Price,Change %,Piotroski F-Score,Altman Z-Score,Beneish M-Score,WACC,GF Value,GF Valuation,TV Symbol,TV Technical,TV Score,TV RSI,Analyst Target,Analyst High,Analyst Low,Target Upside %,Analyst Rating,Next Earnings Date,Days to Earnings,TV Close,Composite Score,Score Breakdown
MSFT,Microsoft Corp,Technology,Software - Infrastructure,USA,"DJIA, NDX, S&P 500",3710.55B,3762.52B,133.75B,331.84B,59.56,10.35,3.90 (0.78%),3.64 (0.73%),"Aug 20, 2026",10.20% 10.20%,20.28%,223000,"Mar 13, 1986",27.85,21.28,1.16,11.18,8.39,48.29,55.39,18.94,11.34,1.22,1.23,0.29,0.25,Yes / Yes,17.95,19.04%,4.71,14.14%,18.29%,22.83% 17.38%,16.12% 14.57%,31.42%,17.79%,31.65%,17.75%,Jul 29 AMC,11.81% 2.72%,1.58%,-0.12%,76.66%,0.15%,19.42%,34.04%,21.24,67.94%,46.78%,40.31%,0.81%,12.50%,15.93%,,7.43B,7.31B,0.94%,1.86,68.54M,553.72 -9.76%,349.20 43.10%,1.92% 1.90%,11.84,59.36,1.10,0.49,36.89M,"18,101,758",-2.69%,-0.03%,19.93%,22.19%,3.32%,-1.63%,52.04%,65.94%,766.48%,1.25,567.45,510.12,499.70,-2.04%,6/9,8.89,-2.69,11.71,581.00,Modestly Undervalued,NASDAQ:MSFT,Buy,0.22,59.4,558.00,700.00,400.00,+11.67%,Strong Buy,2026-10-27,51,499.70,69,"{'valuation': 20, 'quality': 27, 'f_score': 12, 'z_score': 15, 'moat': 4, 'momentum': 18}"
ADBE,Adobe Inc,Technology,Software - Application,USA,"NDX, S&P 500",105.94B,107.38B,7.23B,25.20B,28.87,14.15,-,-,"Mar 24, 2005",- -,0.00%,31360,"Aug 13, 1986",15.24,9.70,0.67,4.20,9.23,18.83,10.31,10.72,4.26,0.75,0.75,0.61,0.45,Yes / Yes,17.48,12.52%,6.08,16.63%,14.39%,18.25% 9.04%,10.89% 13.06%,11.45%,11.49%,8.04%,12.69%,Sep 10 AMC,2.48% 2.54%,0.21%,-7.48%,87.30%,-1.80%,24.91%,62.95%,24.87,88.82%,36.74%,28.69%,-2.78%,7.10%,-0.53%,,399.00M,396.68M,4.53%,2.92,17.97M,370.86 -28.14%,190.12 40.18%,3.31% 3.55%,11.21,48.87,1.40,1.08,6.16M,"6,644,829",-8.58%,2.41%,5.99%,-6.03%,-23.85%,-22.60%,-52.68%,-60.02%,157.32%,2.65,260.90,285.75,266.51,-6.73%,8/9,7.49,-2.86,10.89,593.00,Significantly Undervalued,NASDAQ:ADBE,Sell,-0.29,48.9,245.00,380.00,190.00,-8.07%,Buy,2026-09-10,5,266.51,68,"{'valuation': 25, 'quality': 35, 'f_score': 20, 'z_score': 15, 'moat': 4, 'momentum': 4}"
CRM,Salesforce Inc,Technology,Software - Application,USA,"DJIA, S&P 500",213.35B,244.32B,9.66B,43.94B,46.63,13.86,1.12 (0.43%),1.71 (0.66%),"Jun 11, 2026",- -,21.33%,83334,"Jun 23, 2004",23.63,16.09,1.16,4.86,5.56,18.71,14.08,18.26,5.56,0.76,0.76,1.10,1.09,Yes / Yes,10.97,-2.91%,3.44,32.53%,13.83%,234.40% 12.24%,9.82% 14.34%,58.19%,11.23%,118.95%,10.83%,Aug 26 AMC,80.49% 0.13%,3.17%,0.00%,87.92%,-6.24%,9.33%,19.38%,7.29,74.69%,21.52%,21.99%,17.34%,35.26%,29.13%,,823.00M,796.93M,3.33%,1.75,26.50M,269.11 -3.67%,146.32 77.17%,3.08% 3.86%,10.32,76.62,1.24,0.69,15.18M,"10,498,299",1.26%,38.80%,39.63%,28.26%,-2.14%,6.24%,17.02%,-2.94%,245.18%,1.68,273.73,264.43,259.23,-1.97%,6/9,2.89,-3.02,10.52,339.00,Modestly Undervalued,NYSE:CRM,Buy,0.22,76.6,275.00,400.00,160.00,+6.08%,Strong Buy,2026-12-08,93,259.23,62,"{'valuation': 20, 'quality': 20, 'f_score': 12, 'z_score': 8, 'moat': 4, 'momentum': 18}"
NOW,ServiceNow Inc,Technology,Software - Application,USA,S&P 500,146.06B,149.84B,1.67B,14.73B,12.11,4.52,-,-,-,- -,0.00%,29187,"Jun 29, 2012",88.22,28.15,1.40,9.91,11.67,31.26,31.89,50.23,10.17,0.65,0.65,0.68,0.50,Yes / Yes,1.60,23.24%,1.03,16.01%,20.17%,73.56% 70.18%,22.38% 24.05%,0.19%,22.19%,-21.69%,24.01%,Jul 22 AMC,4.40% 1.52%,0.90%,-0.47%,84.34%,-3.28%,6.22%,14.24%,4.91,74.77%,13.58%,11.34%,7.33%,20.71%,19.12%,,1.03B,1.02B,2.85%,1.29,29.20M,194.73 -27.46%,81.24 73.88%,4.53% 4.51%,6.81,61.04,0.98,0.55,22.57M,"12,505,105",-2.38%,20.37%,25.62%,13.61%,-7.79%,-21.40%,19.53%,4.08%,826.42%,1.37,142.25,145.59,141.26,-2.97%,5/9,5.42,-2.72,10.42,239.00,Significantly Undervalued,NYSE:NOW,Buy,0.45,61.0,140.00,248.00,72.00,-0.89%,Strong Buy,2026-10-28,52,141.26,70,"{'valuation': 25, 'quality': 23, 'f_score': 8, 'z_score': 15, 'moat': 4, 'momentum': 18}"
TYL,Tyler Technologies Inc,Technology,Software - Application,USA,S&P 500,14.91B,15.39B,324.62M,2.43B,74.20,23.69,-,-,-,- -,0.00%,7800,"Jul 31, 1967",48.24,23.68,1.50,6.14,4.91,15.37,20.87,29.46,6.34,1.55,1.55,0.48,0.48,Yes / Yes,7.55,17.52%,3.48,15.66%,15.83%,22.97% 8.96%,8.02% 15.87%,6.70%,8.19%,15.98%,8.22%,Jul 29 AMC,0.84% -0.44%,0.53%,-10.16%,108.25%,0.68%,5.78%,9.73%,5.79,44.81%,15.14%,13.36%,4.18%,11.92%,1.81%,,40.93M,40.74M,9.20%,4.08,3.75M,566.58 -35.75%,270.71 34.47%,3.82% 3.70%,14.07,59.51,0.83,0.69,917.55K,"631,570",-3.68%,18.84%,16.65%,-2.82%,-19.81%,-34.32%,-8.23%,-25.42%,115.58%,1.50,423.14,379.27,364.03,-4.02%,6/9,4.58,-2.99,7.89,569.00,Significantly Undervalued,NYSE:TYL,Buy,0.20,59.5,425.00,525.00,335.00,+16.75%,Strong Buy,2026-10-28,52,364.03,74,"{'valuation': 25, 'quality': 27, 'f_score': 12, 'z_score': 15, 'moat': 4, 'momentum': 18}"
GWRE,Guidewire Software Inc,Technology,Software - Application,USA,-,13.52B,13.47B,139.28M,1.48B,15.82,9.05,-,-,-,- -,0.00%,3772,"Jan 25, 2012",99.69,30.47,1.18,9.17,10.27,17.96,35.41,65.82,9.13,2.39,1.79,0.59,0.59,Yes / Yes,1.63,27.59%,0.76,21.80%,25.88%,- -,17.68% 14.70%,99.66%,22.70%,-37.66%,15.29%,Sep 03 AMC,6.10% 2.11%,0.63%,-13.69%,102.54%,-0.52%,5.26%,10.51%,6.92,64.17%,10.23%,9.44%,-12.79%,1.01%,3.41%,,83.26M,82.73M,5.62%,2.98,4.65M,272.60 -40.42%,102.30 58.77%,4.52% 4.28%,11.04,41.45,0.99,3.02,1.56M,"4,710,820",-21.10%,1.49%,19.37%,-3.82%,-19.20%,-25.15%,87.70%,32.04%,157.77%,1.56,216.62,202.86,162.42,-19.93%,8/9,7.32,-2.67,9.76,209.00,Modestly Undervalued,NYSE:GWRE,Sell,-0.29,41.5,215.00,258.00,181.00,+32.37%,Strong Buy,2026-12-03,88,162.42,66,"{'valuation': 23, 'quality': 35, 'f_score': 20, 'z_score': 15, 'moat': 4, 'momentum': 4}"
ORCL,Oracle Corp,Technology,Software - Infrastructure,USA,S&P 500,457.36B,598.40B,16.98B,67.36B,13.04,11.07,1.94 (1.22%),2.00 (1.26%),"Jul 10, 2026",13.72% 13.97%,34.31%,141000,"Mar 12, 1986",27.26,14.44,0.55,6.79,12.18,14.34,-,18.86,8.88,1.12,1.12,3.94,3.67,Yes / Yes,5.82,36.26%,1.74,5.76%,26.23%,23.77% 5.08%,10.48% 10.72%,32.98%,17.35%,21.36%,20.63%,Sep 10 AMC,7.44% 0.44%,40.48%,-0.04%,46.17%,3.68%,7.95%,54.28%,9.57,63.34%,33.32%,25.21%,7.06%,13.55%,-5.93%,,2.88B,1.71B,2.79%,1.52,47.77M,345.72 -54.07%,114.50 38.67%,4.17% 3.98%,6.77,60.94,1.76,0.84,31.39M,"26,511,525",5.26%,10.67%,-25.69%,3.80%,-18.54%,-28.80%,31.30%,76.42%,284.92%,1.60,247.16,154.04,158.78,3.08%,5/9,1.82,-2.59,15.22,194.00,Modestly Undervalued,NYSE:ORCL,Buy,0.40,60.9,240.00,400.00,110.00,+51.15%,Strong Buy,2026-09-10,5,158.78,61,"{'valuation': 23, 'quality': 16, 'f_score': 8, 'z_score': 8, 'moat': 4, 'momentum': 18}"
WDAY,Workday Inc,Technology,Software - Application,USA,"NDX, S&P 500",47.19B,47.55B,1.25B,10.16B,26.80,14.15,-,-,-,- -,0.00%,21000,"Oct 12, 2012",39.73,14.79,0.79,4.64,7.30,13.84,16.59,28.83,4.68,0.86,0.86,0.58,0.41,Yes / Yes,4.93,19.53%,2.74,19.96%,18.80%,- -,15.43% 17.27%,126.19%,13.83%,204.05%,13.29%,Aug 27 AMC,5.32% 0.49%,19.48%,-4.43%,88.49%,2.38%,7.40%,16.01%,8.26,75.82%,12.64%,12.31%,0.26%,18.10%,22.23%,,196.00M,194.05M,10.37%,4.16,20.12M,249.85 -21.64%,110.36 77.41%,4.57% 5.59%,10.23,56.13,1.07,0.59,4.84M,"2,864,986",-4.36%,15.01%,35.70%,29.63%,-8.84%,-15.29%,-21.21%,-29.51%,120.04%,2.30,211.14,206.92,195.79,-5.38%,8/9,3.93,-2.68,10.57,317.00,Significantly Undervalued,NASDAQ:WDAY,Buy,0.11,56.1,218.00,275.00,92.00,+11.34%,Buy,2026-12-01,86,195.79,82,"{'valuation': 25, 'quality': 35, 'f_score': 20, 'z_score': 15, 'moat': 4, 'momentum': 18}"
ACN,Accenture plc,Technology,Information Technology Services,Ireland,S&P 500,114.26B,114.10B,7.79B,73.10B,52.12,16.62,6.49 (3.47%),6.52 (3.49%),"Jul 09, 2026",15.12% 13.09%,48.71%,779000,"Jul 19, 2001",14.91,12.72,1.88,1.56,3.58,11.23,9.08,8.75,1.56,1.34,1.34,0.26,0.24,Yes / Yes,12.52,5.88%,3.18,7.20%,6.78%,4.30% 9.01%,4.19% 9.47%,-0.66%,6.74%,9.01%,5.59%,Jun 18 BMO,2.43% -0.32%,0.23%,-1.08%,82.90%,-3.22%,11.79%,24.95%,19.25,31.73%,15.47%,10.66%,1.94%,15.47%,-7.97%,,611.86M,610.56M,3.82%,2.81,23.34M,291.09 -35.85%,118.15 58.04%,2.70% 3.46%,6.84,58.99,1.10,0.62,8.29M,"5,104,842",-1.52%,9.12%,4.75%,-13.15%,-30.41%,-26.18%,-43.03%,-45.62%,61.44%,2.07,181.18,193.12,186.72,-3.31%,5/9,4.14,-2.73,7.79,358.47,Significantly Undervalued,NYSE:ACN,Neutral,0.04,59.0,179.50,275.00,130.00,-3.87%,Buy,2026-10-01,25,186.72,62,"{'valuation': 25, 'quality': 23, 'f_score': 8, 'z_score': 15, 'moat': 4, 'momentum': 10}"
ADP,Automatic Data Processing Inc,Technology,Software - Application,USA,"NDX, S&P 500",110.29B,111.57B,4.41B,21.95B,15.16,10.65,6.99 (2.52%),6.64 (2.39%),"Sep 11, 2026",11.50% 12.41%,60.68%,67000,"Jun 26, 1967",25.37,20.74,2.20,5.03,18.31,26.07,21.03,17.48,5.08,1.05,1.05,0.91,0.87,Yes / Yes,10.94,9.22%,2.78,10.23%,9.44%,10.06% 12.51%,6.81% 7.90%,9.46%,6.74%,9.62%,6.77%,Jul 29 BMO,1.74% 0.67%,0.22%,-4.59%,92.00%,0.44%,7.57%,72.24%,7.81,50.67%,26.41%,20.11%,-0.27%,5.96%,17.12%,,397.80M,396.39M,2.81%,4.47,11.14M,302.68 -8.28%,188.16 47.54%,1.63% 1.85%,6.12,53.87,0.83,0.89,2.49M,"2,209,693",-3.43%,1.50%,19.69%,22.71%,7.93%,-7.83%,8.55%,33.87%,207.14%,2.80,289.36,283.53,277.62,-2.08%,8/9,2.47,-2.63,8.14,306.00,Fairly Valued,NASDAQ:ADP,Neutral,-0.02,53.9,288.50,322.00,225.00,+3.92%,Buy,2026-10-28,52,277.62,54,"{'valuation': 12, 'quality': 28, 'f_score': 20, 'z_score': 8, 'moat': 4, 'momentum': 10}"
PAYX,Paychex Inc,Technology,Software - Application,USA,"NDX, S&P 500",43.29B,46.74B,1.76B,6.51B,10.50,3.31,4.99 (4.10%),4.54 (3.73%),"Jul 28, 2026",10.76% 11.94%,90.61%,17600,"Aug 26, 1983",24.89,18.98,2.59,6.65,11.59,36.77,18.65,13.84,7.18,1.26,1.26,1.24,1.23,Yes / Yes,4.89,7.58%,1.32,8.18%,7.33%,4.39% 10.04%,9.15% 9.93%,6.56%,16.88%,43.14%,12.49%,Jun 24 BMO,1.13% 0.31%,10.33%,-0.09%,85.87%,-0.54%,10.75%,44.77%,12.78,72.43%,45.08%,27.03%,-1.52%,4.59%,17.00%,,355.60M,318.95M,6.03%,6.22,19.24M,138.19 -11.93%,85.45 42.43%,1.98% 2.18%,3.05,50.25,0.82,0.60,3.09M,"1,841,370",-4.20%,1.32%,21.07%,20.68%,8.50%,-11.37%,-0.56%,7.14%,99.13%,3.27,115.29,125.08,121.71,-2.69%,6/9,3.31,-2.67,6.89,157.00,Modestly Undervalued,NASDAQ:PAYX,Neutral,-0.09,50.2,111.00,150.00,95.00,-8.80%,Buy,2026-09-30,24,121.71,61,"{'valuation': 20, 'quality': 27, 'f_score': 12, 'z_score': 15, 'moat': 4, 'momentum': 10}"
BR,Broadridge Financial Solutions Inc,Technology,Information Technology Services,USA,S&P 500,19.71B,22.83B,1.12B,7.48B,24.92,3.54,4.30 (2.49%),4.01 (2.32%),"Sep 03, 2026",10.38% 11.14%,40.62%,16000,"Mar 22, 2007",17.96,14.95,1.54,2.64,6.94,48.82,15.42,12.50,3.05,1.21,1.24,1.24,1.22,Yes / Yes,9.62,9.52%,1.37,9.95%,9.73%,21.91% 15.62%,7.25% 7.84%,35.29%,8.53%,8.85%,7.48%,Aug 04 BMO,1.66% 2.27%,0.50%,0.59%,97.66%,-3.08%,12.86%,40.92%,12.59,31.78%,17.63%,15.04%,-2.39%,7.35%,-2.40%,,114.00M,113.45M,2.93%,2.51,3.33M,255.74 -32.40%,133.83 29.18%,2.80% 2.73%,5.14,50.21,0.92,0.94,1.33M,"1,250,515",-5.86%,4.93%,14.23%,-12.19%,-22.53%,-31.40%,-7.92%,1.25%,143.77%,2.00,208.14,178.91,172.88,-3.37%,8/9,4.11,-2.68,7.80,247.00,Significantly Undervalued,NYSE:BR,Sell,-0.16,50.2,214.00,240.00,176.00,+23.79%,Strong Buy,2026-11-04,59,172.88,68,"{'valuation': 25, 'quality': 35, 'f_score': 20, 'z_score': 15, 'moat': 4, 'momentum': 4}"
AAPL,Apple Inc,Technology,Consumer Electronics,USA,"DJIA, NDX, S&P 500",4669.70B,4691.64B,128.93B,466.82B,7.36,4.28,1.08 (0.34%),1.06 (0.33%),"Aug 10, 2026",4.26% 4.98%,13.66%,166000,"Dec 12, 1980",36.68,33.43,2.64,10.00,43.47,74.84,34.16,27.93,10.05,0.93,1.00,0.78,0.66,Yes / Yes,8.72,8.41%,1.98,18.35%,12.64%,6.89% 17.91%,1.81% 8.71%,32.57%,14.24%,29.13%,16.36%,Jul 30 AMC,6.77% 0.35%,0.12%,-2.25%,68.91%,0.16%,36.08%,148.75%,42.12,48.65%,33.17%,27.62%,2.18%,1.53%,12.72%,,14.61B,14.58B,0.80%,2.14,116.33M,344.57 -7.14%,225.95 41.61%,2.75% 2.06%,7.64,53.89,1.07,0.73,54.40M,"39,606,884",0.08%,2.42%,4.11%,24.28%,17.70%,33.44%,68.89%,107.37%,1088.04%,2.16,332.70,328.21,319.97,-2.51%,9/9,12.76,-2.47,10.10,284.00,Modestly Overvalued,NASDAQ:AAPL,Buy,0.35,53.9,340.00,400.00,245.00,+6.26%,Buy,2026-10-29,53,319.97,63,"{'valuation': 6, 'quality': 35, 'f_score': 20, 'z_score': 15, 'moat': 4, 'momentum': 18}"
HPQ,HP Inc,Technology,Computer Hardware,USA,S&P 500,29.43B,35.60B,2.45B,59.34B,-0.10,4.62,1.20 (3.67%),1.19 (3.64%),"Sep 09, 2026",5.07% 10.63%,43.62%,55000,"Mar 17, 1961",12.44,10.21,3.60,0.50,-,7.06,7.58,7.06,0.60,0.48,0.79,-,-,Yes / Yes,2.62,-1.89%,0.75,4.42%,2.84%,-3.82% 5.79%,-3.74% -0.43%,-4.70%,8.67%,-10.85%,11.14%,Aug 26 AMC,24.98% 8.60%,0.26%,-4.42%,95.78%,-1.13%,5.73%,-,11.73,19.73%,6.93%,4.13%,7.95%,19.96%,42.75%,,903.41M,899.41M,9.02%,5.18,81.14M,32.55 0.28%,17.56 85.88%,4.39% 4.66%,1.41,66.40,1.20,0.85,15.65M,"13,304,000",6.95%,15.83%,27.60%,67.73%,46.50%,12.86%,7.47%,9.31%,125.26%,3.40,26.99,31.93,32.64,2.22%,7/9,1.66,-2.33,10.03,32.00,Fairly Valued,NYSE:HPQ,Strong Buy,0.60,66.4,29.00,33.80,19.00,-11.15%,Buy,2026-12-01,86,32.64,57,"{'valuation': 12, 'quality': 16, 'f_score': 16, 'z_score': 0, 'moat': 4, 'momentum': 25}"
NVDA,NVIDIA Corp,Technology,Semiconductors,USA,"DJIA, NDX, S&P 500",5551.68B,5491.17B,192.88B,302.97B,9.48,4.12,0.75 (0.32%),0.28 (0.12%),"Sep 10, 2026",25.99% 14.87%,0.82%,42000,"Jan 22, 1999",29.12,14.73,0.23,18.32,24.29,55.87,43.71,27.28,18.12,3.85,4.59,0.17,0.16,Yes / Yes,7.91,68.92%,2.47,94.08%,64.31%,204.08% 95.27%,100.05% 66.90%,124.42%,83.38%,128.21%,105.85%,Aug 26 AMC,6.22% 4.28%,3.80%,-0.51%,72.32%,0.40%,83.68%,117.21%,130.78,74.67%,65.21%,63.66%,4.67%,9.40%,17.12%,,24.15B,23.18B,1.23%,2.08,285.96M,236.54 -2.61%,164.07 40.40%,2.78% 2.61%,7.38,60.39,2.22,0.99,137.40M,"135,352,420",5.89%,5.19%,12.32%,29.55%,23.52%,34.20%,374.88%,908.45%,14635.97%,1.21,334.32,228.45,230.36,0.84%,7/9,41.41,-0.82,17.02,384.00,Significantly Undervalued,NASDAQ:NVDA,Strong Buy,0.56,60.4,316.60,710.29,180.00,+37.44%,Strong Buy,2026-11-25,80,230.36,85,"{'valuation': 25, 'quality': 31, 'f_score': 16, 'z_score': 15, 'moat': 4, 'momentum': 25}"
AVGO,Broadcom Inc,Technology,Semiconductors,USA,"NDX, S&P 500",1702.71B,1738.16B,38.27B,89.10B,18.43,5.04,2.61 (0.73%),2.54 (0.71%),"Sep 21, 2026",12.90% 12.67%,49.52%,33000,"Aug 06, 2009",45.68,18.56,0.29,19.11,19.42,71.02,43.21,33.40,19.51,2.29,2.50,0.60,0.57,Yes / Yes,7.84,66.04%,3.80,70.28%,63.79%,21.56% 49.76%,24.38% 21.74%,99.97%,48.69%,214.63%,85.50%,Sep 02 AMC,3.25% 1.20%,1.96%,-1.92%,80.80%,0.31%,21.63%,44.25%,26.18,66.54%,48.57%,42.94%,-5.40%,-6.72%,-3.23%,,4.76B,4.66B,1.21%,2.18,56.21M,495.00 -27.70%,289.96 23.43%,2.59% 2.85%,13.03,38.04,1.47,1.28,25.74M,"32,863,265",-2.95%,-14.90%,-7.22%,8.30%,3.41%,16.92%,310.19%,619.13%,1967.44%,1.27,538.47,357.16,357.89,0.21%,8/9,13.15,-2.2,14.55,392.00,Fairly Valued,NASDAQ:AVGO,Strong Sell,-0.60,38.0,540.00,715.00,350.00,+50.88%,Strong Buy,2026-12-10,95,357.89,54,"{'valuation': 15, 'quality': 35, 'f_score': 20, 'z_score': 15, 'moat': 4, 'momentum': 0}"
TXN,Texas Instruments Inc,Technology,Semiconductors,USA,"NDX, S&P 500",236.02B,243.07B,6.02B,19.45B,19.72,7.67,5.74 (2.22%),5.68 (2.20%),"Jul 31, 2026",5.45% 8.13%,100.97%,33000,"Oct 01, 1953",39.32,25.15,0.83,12.13,13.10,33.71,44.07,25.30,12.50,3.44,4.86,0.78,0.72,Yes / Yes,6.57,20.72%,2.42,56.17%,30.23%,-16.65% -1.81%,-4.07% 4.10%,20.14%,16.66%,51.54%,22.82%,Jul 22 AMC,10.29% 3.90%,0.32%,-9.88%,92.06%,-0.78%,16.99%,34.97%,23.3,58.33%,38.07%,30.93%,-3.04%,-7.71%,7.96%,,913.00M,910.35M,2.16%,2.46,19.68M,334.03 -22.63%,152.73 69.21%,2.27% 2.80%,8.81,41.49,1.35,0.53,8.00M,"4,244,015",-0.08%,-7.17%,-9.34%,33.75%,48.97%,37.99%,52.18%,36.11%,270.90%,2.11,330.15,253.83,258.44,1.82%,7/9,11.64,-2.89,15.54,233.00,Modestly Overvalued,NASDAQ:TXN,Sell,-0.31,41.5,340.00,400.00,225.00,+31.56%,Buy,2026-10-27,51,258.44,48,"{'valuation': 9, 'quality': 31, 'f_score': 16, 'z_score': 15, 'moat': 4, 'momentum': 4}"
ADI,Analog Devices Inc,Technology,Semiconductors,USA,"NDX, S&P 500",175.53B,182.33B,4.14B,13.88B,69.24,4.80,4.26 (1.18%),4.29 (1.18%),"Sep 01, 2026",9.41% 10.14%,85.22%,24500,"Apr 03, 1979",42.99,21.75,0.60,12.64,5.23,75.50,35.55,26.22,13.13,0.91,1.25,0.27,0.20,Yes / Yes,8.43,29.45%,3.86,65.19%,36.14%,-4.58% 6.82%,-2.84% 14.49%,114.59%,33.65%,162.61%,39.63%,Aug 19 BMO,3.20% 2.62%,0.26%,-11.15%,94.16%,-0.30%,8.56%,12.23%,10.31,60.39%,35.89%,29.79%,-2.77%,-4.01%,4.01%,,484.57M,483.30M,1.74%,1.91,8.40M,445.91 -18.76%,223.47 62.10%,2.07% 2.64%,11.32,42.77,1.24,0.81,4.40M,"3,560,584",0.13%,-3.99%,-9.75%,14.71%,33.57%,47.19%,98.57%,123.01%,473.63%,1.49,477.61,356.50,362.25,1.61%,8/9,8.1,-2.24,13.18,332.00,Fairly Valued,NASDAQ:ADI,Sell,-0.31,42.8,467.50,675.00,405.00,+29.05%,Strong Buy,2026-12-01,86,362.25,58,"{'valuation': 15, 'quality': 35, 'f_score': 20, 'z_score': 15, 'moat': 4, 'momentum': 4}"
ASML,ASML Holding NV,Technology,Semiconductor Equipment & Materials,Netherlands,NDX,660.95B,654.55B,12.41B,41.20B,64.74,22.49,10.60 (0.62%),9.08 (0.53%),"Jul 28, 2026",13.12% 21.86%,26.75%,44209,"Mar 15, 1995",53.39,28.50,0.75,16.04,26.49,76.25,58.36,41.43,15.89,0.80,1.33,0.09,0.09,Yes / Yes,32.12,37.65%,11.77,48.01%,37.97%,23.38% 23.58%,18.33% 18.27%,23.14%,17.87%,31.87%,24.38%,Jul 15 BMO,9.60% 4.16%,0.04%,0.00%,19.90%,-2.35%,22.54%,54.37%,25.94,52.73%,35.42%,30.11%,-2.15%,-2.09%,15.83%,,385.42M,385.26M,0.35%,0.74,1.35M,1999.96 -14.25%,735.43 133.18%,2.31% 2.32%,56.25,48.30,1.78,0.71,1.82M,"1,289,622",1.10%,0.62%,4.46%,32.65%,60.29%,127.61%,158.84%,99.85%,1489.91%,1.40,2345.02,1646.19,1714.88,4.17%,7/9,13.62,-2.07,17.80,1266.00,Significantly Overvalued,NASDAQ:ASML,Neutral,0.00,48.3,2392.50,2859.00,1628.31,+39.51%,Strong Buy,2026-10-14,38,1714.88,50,"{'valuation': 5, 'quality': 31, 'f_score': 16, 'z_score': 15, 'moat': 4, 'momentum': 10}"
AMAT,Applied Materials Inc,Technology,Semiconductor Equipment & Materials,USA,"NDX, S&P 500",360.86B,358.97B,9.27B,30.84B,32.29,11.63,1.93 (0.43%),1.98 (0.44%),"Aug 20, 2026",20.39% 15.39%,20.55%,36500,"Nov 01, 1982",39.21,24.36,0.65,11.70,14.08,39.08,64.18,35.49,11.64,1.79,2.42,0.29,0.23,Yes / Yes,11.60,45.69%,4.06,36.03%,37.45%,5.19% 17.18%,3.37% 10.52%,38.45%,7.77%,43.02%,24.83%,Aug 13 AMC,2.86% 1.33%,0.52%,-6.47%,86.91%,0.87%,23.84%,41.07%,31.78,49.40%,31.09%,30.05%,-7.10%,-14.80%,11.71%,,793.60M,789.50M,1.50%,1.26,11.88M,739.67 -38.53%,155.40 192.61%,2.84% 3.62%,23.77,39.68,1.61,0.64,9.41M,"6,016,831",-1.51%,-13.80%,0.38%,40.02%,76.94%,187.35%,195.29%,234.76%,1414.69%,1.48,667.61,435.91,454.71,4.31%,7/9,16.03,-2,13.34,243.00,Significantly Overvalued,NASDAQ:AMAT,Sell,-0.27,39.7,670.00,900.00,515.00,+47.35%,Strong Buy,2026-11-12,68,454.71,44,"{'valuation': 5, 'quality': 31, 'f_score': 16, 'z_score': 15, 'moat': 4, 'momentum': 4}"
LRCX,Lam Research Corp,Technology,Semiconductor Equipment & Materials,USA,"NDX, S&P 500",384.97B,383.51B,7.27B,23.23B,9.97,4.46,1.20 (0.39%),1.04 (0.34%),"Sep 23, 2026",14.66% 14.87%,18.05%,23300,"May 04, 1984",53.37,26.16,0.80,16.57,30.87,69.00,78.71,44.38,16.51,1.91,2.63,0.33,0.32,Yes / Yes,5.76,24.01%,2.18,62.94%,32.88%,20.16% 16.46%,10.06% 9.70%,38.85%,26.02%,34.60%,29.99%,Jul 29 AMC,7.90% 0.86%,0.34%,-7.31%,89.08%,0.84%,32.38%,65.07%,50.79,50.47%,35.29%,31.27%,-1.63%,-4.42%,17.92%,,1.25B,1.25B,2.28%,2.53,28.42M,438.50 -29.84%,97.16 216.65%,3.47% 4.02%,16.37,48.91,1.87,0.75,11.22M,"8,359,371",1.90%,0.61%,1.44%,54.34%,79.72%,206.36%,338.27%,403.76%,3160.39%,1.41,381.37,292.66,307.65,5.12%,8/9,25.63,-1.68,17.08,151.00,Significantly Overvalued,NASDAQ:LRCX,Neutral,0.00,48.9,380.00,500.00,300.00,+23.52%,Strong Buy,2026-10-21,45,307.65,54,"{'valuation': 5, 'quality': 35, 'f_score': 20, 'z_score': 15, 'moat': 4, 'momentum': 10}"
KLAC,KLA Corp,Technology,Semiconductor Equipment & Materials,USA,"NDX, S&P 500",242.50B,243.74B,4.83B,13.57B,4.86,3.75,0.93 (0.50%),0.84 (0.45%),"Aug 17, 2026",15.44% 17.32%,21.85%,17200,"Oct 08, 1980",50.60,27.80,0.98,17.87,38.20,49.46,64.37,40.28,17.96,1.97,2.82,0.97,0.96,Yes / Yes,3.67,21.68%,1.18,45.91%,28.25%,14.87% 22.32%,9.06% 14.43%,20.58%,11.72%,14.39%,15.18%,Jul 28 AMC,4.51% 1.38%,0.12%,-16.71%,94.12%,-0.33%,28.40%,87.50%,43.49,60.13%,41.68%,35.59%,-1.21%,-9.80%,8.21%,,1.31B,1.30B,1.94%,2.02,25.34M,307.37 -39.62%,83.90 121.22%,3.97% 3.89%,9.32,47.38,1.46,1.01,12.55M,"12,725,635",5.73%,-3.94%,-3.79%,38.04%,52.75%,112.53%,266.06%,443.09%,2543.87%,1.77,239.00,172.94,185.60,7.32%,8/9,15.21,-2.05,12.94,110.00,Significantly Overvalued,NASDAQ:KLAC,Neutral,0.02,47.4,247.50,325.00,180.00,+33.35%,Strong Buy,2026-10-28,52,185.60,54,"{'valuation': 5, 'quality': 35, 'f_score': 20, 'z_score': 15, 'moat': 4, 'momentum': 10}"
JPM,JPMorgan Chase & Co,Financial,Banks - Diversified,USA,"DJIA, S&P 500",953.33B,-,63.63B,297.51B,133.01,-,6.39 (1.78%),6.00 (1.67%),"Jul 06, 2026",13.19% 10.01%,28.97%,318512,"Mar 05, 1969",15.36,14.27,1.33,3.20,2.70,-,6.20,-,-,-,1.15,3.41,1.33,Yes / Yes,23.34,1.20%,5.84,24.01%,10.76%,18.32% 17.66%,21.00% 17.27%,19.76%,8.20%,47.08%,18.21%,Jul 14 BMO,37.84% 13.06%,0.47%,-1.79%,76.75%,-0.85%,1.35%,17.71%,,-,28.36%,21.39%,0.08%,2.53%,12.66%,,2.66B,2.65B,0.96%,3.06,25.29M,366.50 -2.14%,279.10 28.50%,1.73% 1.49%,5.96,54.96,1.01,0.59,8.26M,"4,875,407",0.29%,0.66%,14.81%,23.89%,11.30%,18.04%,144.27%,124.87%,431.40%,2.03,376.35,362.06,358.64,-0.94%,6/9,,-1.89,11.80,315.00,Modestly Overvalued,NYSE:JPM,Buy,0.31,55.0,375.00,420.00,305.00,+4.56%,Buy,2026-10-13,37,358.64,48,"{'valuation': 6, 'quality': 20, 'f_score': 12, 'z_score': 8, 'moat': 4, 'momentum': 18}"
BAC,Bank Of America Corp,Financial,Banks - Diversified,USA,S&P 500,438.31B,-,32.26B,195.14B,39.34,-,1.19 (1.90%),1.16 (1.85%),"Sep 04, 2026",7.89% 8.45%,28.33%,213000,"Jun 05, 1979",14.43,11.92,0.76,2.25,1.59,-,5.33,-,-,-,1.03,2.47,1.10,Yes / Yes,4.35,13.28%,1.19,21.86%,15.61%,6.17% 15.28%,18.12% 15.40%,27.92%,-1.71%,35.31%,0.28%,Jul 14 BMO,7.19% 2.54%,0.28%,-2.74%,79.16%,-0.52%,0.97%,11.25%,,-,21.32%,16.53%,-0.41%,1.72%,14.23%,,7.02B,6.97B,1.20%,2.55,83.85M,65.22 -3.90%,46.12 35.92%,1.68% 1.65%,1.08,52.87,1.20,0.81,32.93M,"26,589,407",0.58%,-0.51%,16.44%,28.87%,13.96%,23.82%,116.29%,52.69%,291.75%,1.52,68.23,63.04,62.68,-0.57%,8/9,,-2.47,13.20,54.00,Modestly Overvalued,NYSE:BAC,Buy,0.11,52.9,67.50,75.00,61.00,+7.69%,Strong Buy,2026-10-14,38,62.68,56,"{'valuation': 6, 'quality': 28, 'f_score': 20, 'z_score': 8, 'moat': 4, 'momentum': 18}"
WFC,Wells Fargo & Co,Financial,Banks - Diversified,USA,S&P 500,272.07B,-,21.61B,128.44B,54.43,-,1.91 (2.12%),1.85 (2.06%),"Aug 07, 2026",15.62% 6.86%,27.17%,205000,"Dec 10, 1962",13.07,11.28,0.83,2.12,1.65,-,39.68,-,-,-,0.96,2.57,0.96,Yes / Yes,6.88,9.44%,1.84,16.44%,13.55%,25.77% 70.67%,16.87% 8.60%,18.04%,4.24%,25.53%,8.15%,Jul 14 BMO,16.57% 3.48%,0.22%,0.00%,79.63%,-0.95%,1.06%,12.52%,,-,21.92%,16.83%,3.56%,3.83%,5.86%,,3.03B,3.02B,0.93%,1.91,28.08M,97.76 -7.97%,72.78 23.63%,1.99% 1.85%,1.78,63.77,0.94,0.54,14.71M,"8,004,844",3.78%,2.72%,9.80%,11.88%,-3.47%,9.95%,116.01%,103.69%,77.98%,1.90,100.19,89.19,89.97,0.87%,7/9,,-2.52,12.91,84.00,Fairly Valued,NYSE:WFC,Buy,0.45,63.8,101.00,115.00,90.00,+12.26%,Strong Buy,2026-10-13,37,89.97,58,"{'valuation': 12, 'quality': 24, 'f_score': 16, 'z_score': 8, 'moat': 4, 'momentum': 18}"
USB,U.S. Bancorp,Financial,Banks - Regional,USA,S&P 500,98.73B,-,7.80B,43.51B,38.98,-,2.12 (3.34%),2.08 (3.28%),"Jun 30, 2026",2.76% 3.96%,44.18%,68520,"May 03, 1973",12.64,10.88,0.93,2.27,1.63,-,7.97,-,-,-,0.56,1.42,0.87,Yes / Yes,5.01,11.54%,1.30,12.99%,11.66%,7.74% 8.57%,15.50% 13.15%,19.99%,2.39%,21.37%,0.91%,Jul 16 BMO,5.74% 1.78%,0.22%,-4.50%,84.07%,-1.08%,1.15%,12.60%,,-,24.76%,17.92%,0.16%,0.50%,11.72%,,1.56B,1.55B,1.63%,3.11,25.35M,66.07 -4.09%,45.02 40.76%,1.82% 1.61%,1.10,53.20,1.01,0.62,8.16M,"5,042,579",1.44%,-0.69%,13.79%,21.00%,18.76%,28.88%,70.95%,12.86%,43.50%,1.96,70.19,63.53,63.37,-0.25%,9/9,,-2.39,12.66,50.00,Modestly Overvalued,NYSE:USB,Buy,0.31,53.2,69.00,77.00,62.00,+8.88%,Strong Buy,2026-10-15,39,63.37,56,"{'valuation': 6, 'quality': 28, 'f_score': 20, 'z_score': 8, 'moat': 4, 'momentum': 18}"
V,Visa Inc,Financial,Credit Services,USA,"DJIA, S&P 500",700.27B,708.75B,22.40B,44.49B,18.55,8.51,2.70 (0.72%),2.68 (0.71%),"Aug 11, 2026",16.31% 14.48%,23.37%,34100,"Mar 19, 2008",32.19,24.97,1.76,15.74,20.22,44.07,33.33,22.74,15.93,0.99,0.99,0.68,0.59,Yes / Yes,11.65,13.59%,3.44,15.31%,14.17%,13.82% 16.47%,10.92% 12.86%,14.71%,14.39%,10.41%,14.36%,Jul 28 AMC,2.68% 2.04%,8.93%,-0.10%,82.61%,0.89%,23.02%,60.67%,29.69,77.16%,67.04%,50.35%,0.90%,3.27%,12.27%,,1.70B,1.70B,1.31%,2.89,22.25M,385.57 -2.72%,293.89 27.62%,1.47% 1.56%,6.46,54.97,0.76,0.60,7.71M,"4,646,798",-1.71%,1.24%,15.92%,18.18%,6.95%,6.86%,51.17%,66.62%,357.40%,1.40,423.54,378.75,375.07,-0.97%,5/9,8.75,-2.57,8.13,424.00,Modestly Undervalued,NYSE:V,Buy,0.18,55.0,425.00,466.00,370.00,+13.31%,Strong Buy,2026-11-03,58,375.07,65,"{'valuation': 20, 'quality': 23, 'f_score': 8, 'z_score': 15, 'moat': 4, 'momentum': 18}"
MA,Mastercard Incorporated,Financial,Credit Services,USA,S&P 500,507.39B,519.93B,16.26B,35.13B,6.39,13.81,3.55 (0.61%),3.37 (0.58%),"Jul 09, 2026",15.58% 13.94%,19.07%,39800,"May 25, 2006",31.87,25.09,1.52,14.44,90.63,41.94,30.77,23.64,14.80,1.06,1.06,4.39,3.95,Yes / Yes,18.18,15.69%,5.16,17.32%,16.47%,17.34% 20.99%,13.90% 16.50%,22.59%,16.15%,22.05%,13.79%,Jul 30 BMO,5.69% 2.22%,7.91%,-0.14%,83.80%,-1.33%,29.80%,241.49%,43.95,96.60%,59.19%,46.27%,-0.08%,3.85%,9.21%,,871.00M,806.69M,0.89%,2.14,7.19M,601.62 -3.72%,464.52 24.69%,1.39% 1.52%,9.88,52.88,0.75,0.53,3.36M,"1,774,728",-2.70%,0.57%,17.95%,10.89%,1.46%,-2.76%,39.38%,70.24%,491.69%,1.39,671.64,585.71,579.21,-1.11%,5/9,9.91,-2.46,7.61,679.00,Modestly Undervalued,NYSE:MA,Neutral,-0.02,52.9,669.00,740.00,620.00,+15.50%,Strong Buy,2026-10-22,46,579.21,57,"{'valuation': 20, 'quality': 23, 'f_score': 8, 'z_score': 15, 'moat': 4, 'momentum': 10}"
FI,FISV - Fiserv Inc,Technology,Information Technology Services,USA,S&P 500,28.18B,55.59B,2.80B,20.87B,50.67,1.18,-,-,-,- -,0.00%,38000,"Sep 25, 1986",10.17,6.66,4.76,1.35,1.05,44.95,7.11,7.23,2.66,1.04,1.04,1.04,0.99,Yes / Yes,5.21,9.78%,1.73,-16.09%,1.40%,17.53% 35.23%,6.11% 7.37%,-13.24%,-1.17%,-36.71%,-4.06%,Aug 06 BMO,-3.64% -1.51%,0.43%,2.00%,92.32%,0.75%,3.45%,10.75%,4.85,56.38%,21.57%,13.42%,0.70%,1.61%,-9.11%,,531.00M,529.50M,5.65%,3.85,29.92M,138.62 -61.77%,47.04 12.67%,3.26% 3.25%,1.78,51.86,0.78,0.91,7.77M,"7,059,551",-0.34%,-2.05%,-2.63%,-16.01%,-21.10%,-61.08%,-56.84%,-54.18%,1.59%,2.78,57.84,52.73,53.00,0.51%,6/9,1.27,-2.7,6.93,174.00,"Possible Value Trap, Think Twice",NASDAQ:FISV,Neutral,0.04,51.9,57.00,85.00,40.00,+7.55%,Buy,2026-10-27,51,53.00,26,"{'valuation': 0, 'quality': 12, 'f_score': 12, 'z_score': 0, 'moat': 4, 'momentum': 10}"
SPGI,S&P Global Inc,Financial,Financial Data & Stock Exchanges,USA,S&P 500,130.75B,147.49B,4.92B,16.12B,106.86,14.05,3.89 (0.88%),3.71 (0.84%),"Aug 26, 2026",4.97% 7.46%,26.20%,44500,"Feb 14, 1929",27.01,21.87,1.97,8.11,4.15,31.57,23.46,17.58,9.15,0.95,0.95,0.50,0.41,Yes / Yes,16.42,13.28%,4.43,6.15%,11.09%,12.85% 8.69%,11.11% 15.56%,26.18%,9.67%,17.60%,10.41%,Jul 28 BMO,0.43% -10.14%,0.29%,0.70%,91.23%,-0.49%,7.98%,15.17%,8.47,63.43%,44.58%,30.53%,3.44%,4.01%,3.14%,,294.80M,293.95M,2.59%,3.43,7.62M,522.35 -15.09%,360.94 22.88%,2.92% 2.36%,11.98,58.03,1.08,0.69,2.22M,"1,525,220",0.14%,9.44%,10.47%,3.66%,-10.27%,-13.21%,18.94%,3.72%,273.83%,1.34,519.27,450.58,443.51,-1.57%,7/9,4.18,-2.53,9.43,539.00,Modestly Undervalued,NYSE:SPGI,Strong Buy,0.51,58.0,522.50,553.00,485.00,+17.81%,Strong Buy,2026-10-22,46,443.51,80,"{'valuation': 20, 'quality': 31, 'f_score': 16, 'z_score': 15, 'moat': 4, 'momentum': 25}"
MCO,Moody's Corp,Financial,Financial Data & Stock Exchanges,USA,S&P 500,85.48B,91.65B,2.79B,8.16B,17.47,8.64,3.78 (0.77%),4.03 (0.82%),"Aug 14, 2026",10.33% 10.91%,27.51%,16076,"Jun 12, 1969",31.30,26.12,2.15,10.48,28.26,57.14,28.81,21.57,11.23,1.15,1.15,2.49,2.27,Yes / Yes,15.77,11.57%,4.26,13.37%,12.16%,22.48% 7.79%,12.17% 7.52%,33.94%,11.67%,56.86%,15.12%,Jul 22 BMO,9.74% 4.68%,0.13%,-5.90%,94.01%,-2.73%,18.53%,80.15%,22.43,68.82%,46.00%,34.25%,-0.47%,0.88%,4.33%,,173.18M,172.98M,1.48%,2.90,2.56M,546.88 -9.75%,402.28 22.69%,2.07% 2.09%,12.05,49.41,1.33,0.48,883.27K,"424,847",-4.16%,4.32%,9.35%,4.57%,-3.39%,-1.24%,45.45%,28.07%,351.02%,1.72,564.95,504.30,493.55,-2.13%,8/9,7.75,-2.59,10.96,559.00,Modestly Undervalued,NYSE:MCO,Neutral,-0.02,49.4,573.50,610.00,505.00,+16.20%,Strong Buy,2026-10-27,51,493.55,69,"{'valuation': 20, 'quality': 35, 'f_score': 20, 'z_score': 15, 'moat': 4, 'momentum': 10}"
MSCI,MSCI Inc,Financial,Financial Data & Stock Exchanges,USA,S&P 500,41.66B,47.85B,1.36B,3.33B,-36.99,4.90,8.23 (1.44%),7.95 (1.39%),"Aug 14, 2026",16.28% 19.78%,45.89%,6268,"Nov 15, 2007",31.34,25.49,1.83,12.50,-,116.89,26.40,23.04,14.35,0.89,0.89,-,-,Yes / Yes,18.28,13.98%,5.03,14.13%,13.94%,13.54% 17.11%,11.71% 13.08%,21.00%,11.62%,19.73%,12.21%,Jul 21 BMO,-0.93% -0.43%,3.63%,-0.19%,95.57%,1.59%,24.75%,-,29.34,77.19%,55.66%,40.74%,1.20%,-0.96%,-0.01%,,72.70M,70.06M,1.53%,1.62,1.07M,644.77 -11.13%,501.08 14.35%,2.06% 2.02%,13.08,51.65,1.23,0.72,663.07K,"477,330",0.39%,1.02%,-6.90%,0.66%,-0.13%,2.84%,5.84%,-11.95%,539.88%,1.55,696.94,574.65,573.01,-0.29%,8/9,6.13,-2.68,10.47,708.00,Modestly Undervalued,NYSE:MSCI,Neutral,0.07,51.7,700.00,805.00,570.00,+22.16%,Strong Buy,2026-10-20,44,573.01,72,"{'valuation': 23, 'quality': 35, 'f_score': 20, 'z_score': 15, 'moat': 4, 'momentum': 10}"
CME,CME Group Inc,Financial,Financial Data & Stock Exchanges,USA,S&P 500,101.15B,102.73B,4.27B,6.77B,73.82,6.34,11.51 (4.09%),5.05 (1.80%),"Sep 09, 2026",-16.21% -3.26%,44.80%,3875,"Dec 06, 2002",23.85,21.78,2.97,14.93,3.81,44.36,24.01,21.67,15.17,1.02,1.02,0.15,0.14,Yes / Yes,11.79,5.38%,2.94,9.41%,7.34%,14.69% 13.70%,9.11% 5.95%,14.78%,5.10%,2.66%,0.84%,Jul 22 BMO,2.92% 1.43%,1.38%,-0.97%,91.48%,-1.80%,2.29%,15.80%,1.78,82.65%,65.10%,63.11%,2.44%,8.84%,1.65%,,359.27M,354.61M,1.47%,1.78,5.20M,322.82 -12.86%,218.31 28.85%,2.17% 2.09%,6.16,60.82,0.24,0.57,2.92M,"1,648,182",-1.58%,6.42%,9.28%,-9.55%,5.03%,7.25%,48.51%,60.67%,215.49%,2.47,283.87,282.05,281.29,-0.27%,4/9,0.55,-2.46,4.33,272.00,Fairly Valued,NASDAQ:CME,Buy,0.31,60.8,286.00,330.00,230.00,+1.67%,Buy,2026-10-28,52,281.29,37,"{'valuation': 12, 'quality': 3, 'f_score': 3, 'z_score': 0, 'moat': 4, 'momentum': 18}"
ICE,Intercontinental Exchange Inc,Financial,Financial Data & Stock Exchanges,USA,S&P 500,90.53B,108.58B,4.04B,13.14B,52.68,4.60,2.09 (1.30%),2.00 (1.24%),"Sep 16, 2026",8.10% 9.86%,33.30%,12844,"Nov 16, 2005",22.77,18.31,1.48,6.89,3.06,35.09,17.83,14.28,8.26,1.01,1.01,0.69,0.65,Yes / Yes,7.08,8.62%,1.90,16.67%,12.33%,30.78% 8.90%,10.04% 9.86%,35.84%,12.60%,14.36%,6.78%,Jul 30 BMO,3.49% 1.33%,0.61%,-1.97%,96.20%,0.23%,2.54%,13.93%,2.86,68.57%,46.06%,30.74%,1.90%,9.00%,3.89%,,561.00M,557.97M,1.37%,1.78,7.62M,176.59 -8.68%,121.79 32.41%,2.32% 1.96%,3.61,59.94,0.94,0.74,4.28M,"3,184,242",-0.66%,7.69%,13.96%,-2.97%,-0.43%,-7.60%,37.82%,33.13%,182.55%,1.37,186.29,164.59,161.26,-2.02%,9/9,0.76,-2.7,7.38,168.00,Fairly Valued,NYSE:ICE,Buy,0.31,59.9,181.00,232.00,163.00,+12.24%,Strong Buy,2026-10-29,53,161.26,54,"{'valuation': 12, 'quality': 20, 'f_score': 20, 'z_score': 0, 'moat': 4, 'momentum': 18}"
MKTX,MarketAxess Holdings Inc,Financial,Capital Markets,USA,-,5.75B,5.62B,306.40M,871.61M,35.21,9.10,3.12 (1.91%),3.10 (1.90%),"Aug 19, 2026",2.78% 4.84%,45.78%,868,"Nov 05, 2004",19.26,18.86,2.08,6.60,4.64,17.96,40.19,12.88,6.45,1.71,1.71,0.14,0.09,Yes / Yes,8.48,9.03%,1.95,7.49%,9.08%,-0.03% -3.29%,5.72% 4.27%,42.71%,3.65%,1.31%,-2.75%,Jul 30 BMO,5.16% 0.60%,0.94%,-0.18%,112.25%,-1.25%,13.94%,23.34%,26.88,79.67%,40.28%,35.15%,0.51%,15.91%,4.02%,,35.19M,34.86M,3.83%,1.29,1.33M,195.96 -16.63%,108.75 50.23%,0.22% 0.18%,1.20,82.89,0.80,0.58,1.04M,"607,097",0.41%,0.47%,39.72%,-12.21%,-9.86%,-9.30%,-31.59%,-65.62%,-5.31%,2.86,158.00,163.34,163.38,0.02%,4/9,5.11,-1.24,5.15,248.00,Significantly Undervalued,NASDAQ:MKTX,Buy,0.38,82.9,167.00,167.00,124.00,+2.22%,Buy,2026-10-21,45,163.38,65,"{'valuation': 25, 'quality': 18, 'f_score': 3, 'z_score': 15, 'moat': 4, 'momentum': 18}"
SCHW,Charles Schwab Corp,Financial,Capital Markets,USA,S&P 500,189.00B,170.74B,9.72B,29.37B,25.42,35.61,1.27 (1.16%),1.23 (1.13%),"Aug 14, 2026",8.74% 8.45%,23.21%,33000,"Sep 22, 1987",19.87,13.88,0.59,6.44,4.30,3.07,-,10.71,5.81,1.16,1.16,0.74,0.44,Yes / Yes,5.50,21.20%,1.67,33.42%,23.43%,9.92% 17.02%,7.45% 17.98%,48.07%,10.13%,42.08%,15.33%,Jul 21 BMO,4.17% 2.56%,5.78%,-1.92%,85.59%,0.15%,2.07%,20.27%,,85.03%,49.70%,33.10%,-0.69%,4.01%,12.17%,,1.73B,1.63B,1.03%,1.83,16.85M,114.53 -4.58%,83.96 30.17%,1.53% 1.79%,2.19,53.24,0.77,0.64,9.20M,"5,883,458",-0.79%,1.51%,23.02%,14.76%,9.39%,11.94%,80.64%,51.60%,249.50%,1.62,124.11,110.38,109.29,-0.99%,7/9,,-1.93,9.29,110.00,Fairly Valued,NYSE:SCHW,Buy,0.11,53.2,126.00,145.00,91.00,+15.29%,Strong Buy,2026-10-15,39,109.29,58,"{'valuation': 12, 'quality': 24, 'f_score': 16, 'z_score': 8, 'moat': 4, 'momentum': 18}"
BLK,Blackrock Inc,Financial,Asset Management,USA,S&P 500,182.35B,193.75B,6.58B,27.63B,354.32,64.58,22.79 (2.03%),21.88 (1.95%),"Sep 08, 2026",2.21% 7.49%,59.02%,24900,"Oct 01, 1999",27.92,17.42,1.13,6.60,3.17,17.38,52.82,17.84,7.01,4.46,4.46,0.26,0.26,Yes / Yes,40.20,14.54%,14.27,16.97%,15.40%,1.30% 2.08%,12.26% 8.04%,1.36%,23.07%,14.02%,22.39%,Jul 15 BMO,9.60% 5.30%,11.53%,-0.33%,76.24%,-0.09%,4.08%,12.32%,4.67,76.80%,33.95%,23.80%,-2.61%,2.77%,5.95%,,155.00M,143.75M,1.26%,2.44,1.81M,1219.94 -8.00%,917.39 22.34%,1.90% 1.71%,23.21,47.24,1.41,0.55,743.76K,"410,836",-3.62%,-0.62%,12.72%,17.46%,4.85%,1.22%,58.92%,19.74%,200.20%,1.35,1331.69,1126.15,1122.29,-0.34%,4/9,1.76,-2.17,11.96,1196.00,Fairly Valued,NYSE:BLK,Neutral,0.00,47.2,1330.00,1488.00,1190.00,+18.51%,Strong Buy,2026-10-09,33,1122.29,29,"{'valuation': 12, 'quality': 3, 'f_score': 3, 'z_score': 0, 'moat': 4, 'momentum': 10}"
STT,State Street Corp,Financial,Asset Management,USA,S&P 500,53.36B,-,3.22B,21.80B,89.95,-,3.52 (1.81%),3.36 (1.73%),"Oct 01, 2026",10.06% 9.00%,34.04%,51503,"Mar 17, 1980",17.13,12.74,0.70,2.45,2.16,-,-,-,-,-,4.29,1.08,0.91,Yes / Yes,11.34,11.74%,3.61,32.18%,18.12%,9.36% 8.26%,19.16% 14.10%,27.32%,1.05%,68.31%,3.20%,Jul 16 BMO,9.39% 4.26%,0.48%,-6.24%,94.62%,-2.58%,0.87%,12.43%,,-,20.24%,14.78%,2.02%,5.31%,30.39%,,274.70M,273.37M,1.70%,2.23,4.65M,195.93 -0.85%,104.64 85.65%,2.14% 1.98%,4.12,60.44,1.41,0.54,2.09M,"1,127,454",0.48%,5.05%,20.10%,60.49%,50.58%,70.31%,178.11%,109.13%,175.04%,1.89,202.93,193.94,194.26,0.16%,7/9,,-2.22,14.49,125.00,Significantly Overvalued,NYSE:STT,Buy,0.38,60.4,200.00,215.00,187.00,+2.95%,Strong Buy,2026-10-14,38,194.26,48,"{'valuation': 2, 'quality': 24, 'f_score': 16, 'z_score': 8, 'moat': 4, 'momentum': 18}"
NTRS,Northern Trust Corp,Financial,Asset Management,USA,S&P 500,34.15B,-,2.18B,15.21B,68.41,-,3.36 (1.80%),3.28 (1.76%),"Sep 04, 2026",2.25% 2.06%,35.49%,23800,"Mar 17, 1980",16.02,14.88,0.89,2.24,2.73,-,76.68,-,-,-,1.55,1.18,0.40,Yes / Yes,11.65,9.35%,2.83,27.45%,16.72%,12.47% 9.85%,22.59% 17.81%,37.10%,3.18%,98.21%,17.18%,Jul 22 BMO,9.94% 0.45%,1.80%,-1.02%,87.00%,-1.52%,1.27%,16.93%,,-,13.39%,14.34%,-0.28%,1.53%,17.77%,,182.96M,179.66M,2.00%,3.40,3.60M,195.78 -4.67%,121.12 54.09%,2.20% 1.94%,3.83,52.87,1.24,0.74,1.06M,"785,383",-0.09%,1.35%,9.48%,34.66%,36.64%,44.13%,141.47%,59.04%,164.16%,3.18,186.58,187.45,186.63,-0.43%,6/9,,-2.36,19.55,126.00,Significantly Overvalued,NASDAQ:NTRS,Buy,0.20,52.9,185.50,208.00,173.00,-0.61%,Buy,2026-10-21,45,186.63,44,"{'valuation': 2, 'quality': 20, 'f_score': 12, 'z_score': 8, 'moat': 4, 'momentum': 18}"
MMC,MRSH - Marsh,Financial,Insurance Brokers,USA,S&P 500,88.64B,109.57B,3.98B,27.97B,31.77,3.56,3.78 (2.03%),3.69 (1.99%),"Jul 23, 2026",15.07% 13.73%,41.74%,95000,"Feb 19, 1968",22.73,16.29,1.89,3.17,5.85,52.14,18.59,14.23,3.92,1.14,1.14,1.47,1.34,Yes / Yes,8.17,9.15%,1.98,7.16%,8.60%,11.72% 16.42%,9.12% 9.45%,-2.13%,8.47%,7.36%,5.99%,Jul 21 BMO,2.17% 1.71%,0.10%,-14.33%,94.53%,-2.09%,6.73%,25.72%,8.75,-,24.29%,14.23%,-2.06%,0.43%,4.38%,,477.92M,476.75M,1.55%,3.02,7.38M,207.82 -10.63%,156.60 18.61%,1.81% 1.80%,3.88,45.27,0.57,0.58,2.44M,"1,409,478",-3.58%,-3.91%,12.27%,1.45%,0.12%,-9.88%,-5.12%,16.45%,171.95%,2.61,204.24,188.46,185.74,-1.44%,5/9,2.77,-2.53,5.15,254.00,Modestly Undervalued,NYSE:MRSH,Sell,-0.20,45.3,201.00,234.00,178.00,+8.22%,Buy,2026-10-15,39,185.74,44,"{'valuation': 20, 'quality': 16, 'f_score': 8, 'z_score': 8, 'moat': 4, 'momentum': 4}"
AON,Aon Plc,Financial,Insurance Brokers,Ireland,S&P 500,68.54B,83.25B,3.91B,17.58B,45.27,5.97,3.20 (0.99%),3.13 (0.97%),"Aug 03, 2026",9.94% 10.33%,17.10%,60000,"Jun 02, 1980",17.81,15.62,1.32,3.90,7.14,54.09,21.10,14.12,4.74,1.03,1.03,1.65,1.42,Yes / Yes,18.14,9.85%,3.38,10.28%,11.81%,11.91% 15.04%,11.47% 9.34%,51.69%,4.36%,-3.32%,0.05%,Jul 29 BMO,0.21% -0.68%,1.01%,0.73%,93.88%,0.80%,7.29%,44.88%,8.13,89.58%,28.47%,22.27%,-6.71%,-8.51%,-4.19%,,212.00M,209.97M,1.60%,2.38,3.37M,382.34 -15.50%,304.59 6.07%,3.97% 2.42%,9.83,35.13,0.67,1.04,1.42M,"1,467,975",-9.09%,-10.44%,-1.66%,-5.14%,-8.44%,-13.49%,-3.36%,10.86%,188.22%,2.12,391.94,327.00,323.09,-1.20%,7/9,1.66,-2.48,4.75,392.00,"Possible Value Trap, Think Twice",NYSE:AON,Sell,-0.49,35.1,387.00,433.00,339.00,+19.78%,Buy,2026-10-23,47,323.09,24,"{'valuation': 0, 'quality': 16, 'f_score': 16, 'z_score': 0, 'moat': 4, 'momentum': 4}"
AJG,Arthur J. Gallagher & Co,Financial,Insurance Brokers,USA,S&P 500,67.33B,80.08B,1.57B,15.75B,92.54,5.41,2.80 (1.07%),2.70 (1.03%),"Sep 08, 2026",8.42% 7.63%,45.27%,72000,"Jun 20, 1984",43.46,17.60,1.08,4.27,2.84,48.58,29.44,19.89,5.08,1.05,1.05,0.59,0.53,Yes / Yes,6.04,12.65%,3.08,23.96%,16.36%,3.44% 6.47%,18.30% 15.25%,-9.60%,26.74%,-10.85%,24.29%,Jul 30 AMC,0.91% -1.27%,1.91%,-0.78%,94.42%,0.27%,1.94%,6.72%,2.89,90.43%,17.08%,9.96%,1.14%,3.55%,12.29%,,256.30M,251.40M,2.33%,3.64,5.85M,313.55 -16.22%,190.75 37.71%,2.25% 2.77%,7.25,54.39,0.53,0.63,1.61M,"1,013,355",-1.82%,4.35%,21.54%,15.15%,1.51%,-12.50%,13.68%,80.56%,425.49%,1.67,295.00,266.66,262.69,-1.49%,5/9,1.14,-1.96,5.47,340.00,"Possible Value Trap, Think Twice",NYSE:AJG,Buy,0.18,54.4,291.00,388.00,265.00,+10.78%,Strong Buy,2026-10-22,46,262.69,30,"{'valuation': 0, 'quality': 8, 'f_score': 8, 'z_score': 0, 'moat': 4, 'momentum': 18}"
LLY,Lilly(Eli) & Co,Healthcare,Drug Manufacturers - General,USA,S&P 500,1081.96B,1127.92B,26.71B,79.67B,35.98,9.51,6.88 (0.60%),6.69 (0.58%),"Aug 14, 2026",15.24% 15.18%,26.14%,50000,"Jul 09, 1970",39.06,24.64,0.81,13.58,31.94,120.89,59.48,27.04,14.16,1.00,1.35,1.62,1.41,Yes / Yes,29.43,28.15%,9.85,50.33%,30.24%,49.25% 27.59%,31.69% 21.58%,95.08%,49.58%,26.20%,47.67%,Aug 05 BMO,30.92% 10.33%,9.89%,-0.03%,76.28%,-0.00%,21.96%,102.43%,37.36,83.40%,49.72%,33.53%,-4.43%,-3.54%,8.09%,,941.50M,848.28M,0.77%,2.28,6.56M,1292.65 -11.08%,712.05 61.42%,2.44% 2.83%,35.46,41.33,0.45,0.77,2.88M,"2,220,418",-2.15%,-3.57%,1.59%,16.06%,6.95%,54.71%,106.31%,342.86%,1395.59%,1.56,1349.28,1159.60,1149.36,-0.88%,9/9,7.48,-1.83,7.96,1530.00,Modestly Undervalued,NYSE:LLY,Sell,-0.18,41.3,1392.50,1680.00,850.00,+21.15%,Strong Buy,2026-10-29,53,1149.36,66,"{'valuation': 23, 'quality': 35, 'f_score': 20, 'z_score': 15, 'moat': 4, 'momentum': 4}"
JNJ,Johnson & Johnson,Healthcare,Drug Manufacturers - General,USA,"DJIA, S&P 500",663.28B,691.55B,21.04B,97.94B,35.28,8.61,5.38 (1.95%),5.28 (1.92%),"Aug 25, 2026",4.92% 5.25%,46.59%,140800,"Sep 25, 1944",31.90,21.54,2.18,6.77,7.80,31.95,29.82,20.23,7.06,0.81,1.09,0.58,0.44,Yes / Yes,8.63,10.28%,2.90,7.36%,9.87%,17.88% 14.90%,5.56% 2.67%,-7.21%,8.07%,-0.92%,6.64%,Jul 15 BMO,1.59% 0.99%,0.14%,-7.39%,77.50%,-0.06%,10.67%,25.74%,14.1,68.03%,26.99%,21.48%,2.60%,5.14%,16.71%,,2.41B,2.41B,0.90%,2.75,21.59M,281.07 -2.08%,173.33 58.79%,1.76% 1.79%,5.52,60.56,0.20,0.55,7.84M,"4,320,888",2.68%,7.10%,18.24%,14.49%,32.99%,53.97%,71.50%,57.24%,130.67%,1.93,279.71,278.43,275.23,-1.15%,6/9,4.37,-2.55,4.96,193.00,Significantly Overvalued,NYSE:JNJ,Buy,0.40,60.6,282.00,320.00,210.00,+2.46%,Strong Buy,2026-10-13,37,275.23,51,"{'valuation': 2, 'quality': 27, 'f_score': 12, 'z_score': 15, 'moat': 4, 'momentum': 18}"
MRK,Merck & Co Inc,Healthcare,Drug Manufacturers - General,USA,"DJIA, S&P 500",370.89B,417.66B,3.17B,66.29B,16.99,2.91,3.41 (2.27%),3.36 (2.24%),"Sep 15, 2026",5.42% 5.75%,45.05%,75000,"Jun 15, 1946",120.16,15.75,2.94,5.60,8.85,51.64,23.09,21.97,6.30,1.10,1.32,1.29,1.22,Yes / Yes,1.25,247.23%,2.22,-69.39%,5.35%,8.43% 21.23%,3.55% 9.34%,-80.62%,4.51%,-130.68%,4.94%,Aug 04 BMO,51.94% 1.45%,0.10%,-8.47%,83.08%,0.39%,2.57%,6.98%,4.03,72.43%,18.81%,4.79%,3.66%,11.70%,26.96%,,2.47B,2.46B,0.99%,2.27,24.51M,156.92 -4.20%,77.58 93.77%,1.97% 2.50%,3.97,62.27,0.22,0.41,10.80M,"4,397,470",1.33%,17.11%,24.46%,29.83%,42.82%,78.86%,36.86%,94.58%,150.33%,1.81,149.44,152.34,150.33,-1.32%,5/9,4.01,-3.07,4.61,120.00,Modestly Overvalued,NYSE:MRK,Buy,0.29,62.3,150.00,186.00,105.00,-0.22%,Strong Buy,2026-10-29,53,150.33,51,"{'valuation': 6, 'quality': 23, 'f_score': 8, 'z_score': 15, 'moat': 4, 'momentum': 18}"
PFE,Pfizer Inc,Healthcare,Drug Manufacturers - General,USA,S&P 500,162.16B,213.95B,4.33B,63.70B,14.95,2.05,1.72 (6.06%),1.72 (6.05%),"Jul 24, 2026",2.23% 2.37%,126.85%,75000,"Jan 17, 1944",37.67,9.83,-,2.55,1.90,13.86,14.76,9.10,3.36,0.96,1.27,0.74,0.71,Yes / Yes,0.76,-2.72%,0.76,-7.63%,-8.27%,-37.19% -3.57%,-14.56% 8.48%,-59.71%,-0.21%,-108.60%,2.60%,Aug 04 BMO,12.87% 4.41%,0.09%,2.18%,69.80%,-0.48%,2.13%,4.99%,8.99,64.83%,26.57%,6.80%,2.36%,9.50%,8.73%,,5.70B,5.69B,2.62%,3.53,149.27M,29.21 -2.60%,23.58 20.65%,2.23% 2.00%,0.59,62.50,0.28,0.56,42.28M,"23,791,976",1.75%,8.59%,9.25%,5.18%,14.26%,15.93%,-20.49%,-39.26%,-13.66%,2.62,28.28,28.81,28.45,-1.25%,7/9,2.1,-2.44,5.50,26.00,Fairly Valued,NYSE:PFE,Buy,0.45,62.5,28.00,35.75,25.00,-1.58%,Buy,2026-11-03,58,28.45,58,"{'valuation': 12, 'quality': 24, 'f_score': 16, 'z_score': 8, 'moat': 4, 'momentum': 18}"
BMY,Bristol-Myers Squibb Co,Healthcare,Drug Manufacturers - General,USA,S&P 500,136.49B,170.48B,9.28B,49.20B,10.92,5.42,2.34 (3.50%),2.51 (3.76%),"Jul 02, 2026",4.37% 6.24%,71.98%,32500,"Jul 05, 1929",14.72,10.20,-,2.77,6.12,12.33,11.93,8.88,3.47,1.38,1.53,2.02,1.96,Yes / Yes,4.54,-5.44%,1.72,12.67%,-2.89%,5.47% -,1.45% 2.54%,83.17%,3.13%,49.96%,6.22%,Jul 30 BMO,27.73% 10.51%,0.32%,-0.46%,85.13%,0.54%,10.18%,46.70%,14.07,66.64%,32.35%,18.87%,0.94%,6.23%,14.93%,,2.04B,2.04B,2.25%,3.99,45.85M,68.64 -2.65%,42.52 57.15%,1.94% 2.01%,1.51,56.48,0.18,0.42,11.49M,"4,825,449",0.36%,4.16%,16.68%,10.83%,23.88%,43.11%,7.74%,1.84%,18.58%,2.45,66.04,68.09,66.82,-1.87%,7/9,2.79,-2.66,4.55,56.00,Modestly Overvalued,NYSE:BMY,Buy,0.18,56.5,66.00,80.00,40.00,-1.23%,Buy,2026-10-29,53,66.82,52,"{'valuation': 6, 'quality': 24, 'f_score': 16, 'z_score': 8, 'moat': 4, 'momentum': 18}"
AMGN,AMGEN Inc,Healthcare,Drug Manufacturers - General,USA,"DJIA, NDX, S&P 500",236.38B,279.70B,8.74B,38.20B,21.62,25.88,10.10 (2.31%),9.94 (2.27%),"Aug 21, 2026",7.05% 8.27%,66.92%,31500,"Jun 17, 1983",27.16,17.90,3.19,6.19,20.22,16.90,23.23,16.08,7.32,1.13,1.37,4.90,4.44,Yes / Yes,16.10,5.85%,5.79,5.66%,5.62%,5.51% 2.93%,12.09% 7.79%,31.69%,9.89%,64.93%,9.82%,Aug 04 AMC,11.97% 6.66%,0.24%,-0.87%,85.58%,-0.05%,9.53%,91.47%,14.8,72.71%,33.31%,22.89%,1.34%,10.12%,21.98%,,540.60M,539.32M,2.23%,4.48,12.04M,447.03 -2.19%,269.77 62.08%,1.78% 2.01%,9.56,61.89,0.40,0.62,2.69M,"1,656,089",1.11%,8.00%,25.07%,18.32%,33.58%,56.10%,70.32%,93.15%,157.54%,2.44,397.46,444.12,437.23,-1.55%,8/9,2.33,-2.62,4.70,365.00,Modestly Overvalued,NASDAQ:AMGN,Buy,0.24,61.9,400.00,530.00,230.00,-8.51%,Buy,2026-11-03,58,437.23,56,"{'valuation': 6, 'quality': 28, 'f_score': 20, 'z_score': 8, 'moat': 4, 'momentum': 18}"
GILD,Gilead Sciences Inc,Healthcare,Drug Manufacturers - General,USA,"NDX, S&P 500",187.23B,208.51B,-3.24B,30.54B,9.53,3.94,3.25 (2.15%),3.22 (2.13%),"Sep 15, 2026",2.67% 3.04%,46.60%,17000,"Jan 22, 1992",-,15.27,1.63,6.13,15.84,38.35,14.47,14.22,6.83,1.09,1.27,2.22,2.01,Yes / Yes,-2.66,2244.61%,2.12,-105.66%,9.38%,23.06% 133.64%,2.83% 3.63%,-151.43%,6.05%,-640.66%,10.73%,Aug 04 AMC,6.85% 5.47%,0.17%,-8.23%,92.63%,0.15%,-6.17%,-20.57%,25.76,79.66%,39.05%,-10.61%,4.61%,10.53%,12.38%,,1.24B,1.24B,1.87%,3.16,23.18M,157.29 -4.00%,108.46 39.22%,2.16% 2.41%,3.62,67.66,0.33,0.84,7.33M,"6,181,783",3.65%,15.39%,16.91%,4.91%,23.02%,33.90%,96.99%,109.83%,96.38%,1.63,158.96,151.22,150.99,-0.15%,5/9,3.67,-2.88,4.76,106.00,Significantly Overvalued,NASDAQ:GILD,Buy,0.40,67.7,162.00,180.00,123.00,+7.29%,Strong Buy,2026-10-22,46,151.00,47,"{'valuation': 2, 'quality': 23, 'f_score': 8, 'z_score': 15, 'moat': 4, 'momentum': 18}"
BIIB,Biogen Inc,Healthcare,Drug Manufacturers - General,USA,S&P 500,32.63B,39.70B,834.60M,9.66B,127.61,8.70,-,-,-,- -,0.00%,7500,"Sep 17, 1991",39.11,13.34,1.93,3.38,1.73,25.39,12.10,14.56,4.11,1.26,1.87,0.44,0.40,Yes / Yes,5.65,32.53%,2.03,-18.27%,6.93%,-25.04% -18.74%,0.35% -5.06%,-45.79%,0.53%,-84.85%,2.38%,Jul 29 BMO,22.49% 11.20%,0.75%,-0.11%,98.56%,3.02%,2.76%,4.58%,6.75,64.29%,19.50%,8.64%,2.34%,5.39%,15.59%,,147.70M,146.64M,3.54%,4.64,5.19M,225.80 -2.20%,135.39 63.11%,2.60% 2.36%,5.88,57.98,0.10,0.42,1.12M,"465,108",1.07%,7.05%,13.05%,19.45%,25.48%,57.80%,-17.34%,-33.80%,-23.55%,1.86,238.93,224.51,220.83,-1.64%,3/9,2.97,-2.51,6.49,195.00,Modestly Overvalued,NASDAQ:BIIB,Buy,0.45,58.0,241.00,300.00,165.00,+9.13%,Strong Buy,2026-10-29,53,220.83,39,"{'valuation': 6, 'quality': 11, 'f_score': 3, 'z_score': 8, 'moat': 4, 'momentum': 18}"
DHR,Danaher Corp,Healthcare,Diagnostics & Research,USA,S&P 500,145.98B,169.50B,4.00B,25.11B,74.81,6.19,1.42 (0.68%),1.44 (0.69%),"Jun 26, 2026",8.58% 12.20%,25.36%,60000,"Dec 10, 1969",36.87,22.36,2.39,5.81,2.78,33.57,26.71,21.59,6.75,1.25,1.65,0.53,0.48,Yes / Yes,5.63,9.21%,1.92,9.02%,9.35%,-19.39% 0.65%,-2.67% 1.97%,19.34%,4.56%,59.30%,5.54%,Jul 21 BMO,4.83% 2.35%,9.12%,-0.09%,84.54%,-0.64%,4.59%,7.61%,5.75,58.97%,21.19%,15.95%,-1.22%,2.99%,2.38%,,702.90M,638.85M,1.37%,1.87,8.78M,242.80 -14.47%,160.93 29.04%,2.79% 2.77%,6.29,50.46,0.78,0.62,4.70M,"2,898,177",-3.89%,3.84%,12.67%,6.22%,-9.29%,4.34%,-11.79%,-29.53%,188.55%,1.41,228.27,211.03,207.66,-1.60%,7/9,3.45,-2.56,7.92,242.00,Modestly Undervalued,NYSE:DHR,Neutral,0.04,50.5,225.00,310.00,195.00,+8.35%,Strong Buy,2026-10-27,51,207.66,65,"{'valuation': 20, 'quality': 31, 'f_score': 16, 'z_score': 15, 'moat': 4, 'momentum': 10}"
TMO,Thermo Fisher Scientific Inc,Healthcare,Diagnostics & Research,USA,S&P 500,226.94B,265.55B,6.97B,46.34B,142.47,11.02,1.85 (0.30%),1.80 (0.29%),"Sep 15, 2026",12.75% 14.34%,9.70%,125000,"Mar 17, 1980",33.02,22.40,2.31,4.90,4.31,55.69,31.01,22.53,5.73,1.18,1.55,0.81,0.74,Yes / Yes,18.59,9.11%,6.41,9.80%,9.70%,0.18% 2.11%,-0.27% 6.70%,7.47%,7.23%,9.38%,10.49%,Jul 23 BMO,5.43% 2.46%,0.34%,-8.64%,94.21%,-0.48%,6.50%,13.51%,8.29,40.19%,19.09%,15.04%,0.30%,7.54%,14.50%,,369.75M,368.49M,1.29%,2.33,4.74M,647.00 -5.13%,435.27 41.01%,2.47% 2.47%,15.94,57.43,0.89,0.60,2.04M,"1,229,135",-1.35%,5.82%,29.82%,22.27%,5.92%,25.39%,10.15%,8.04%,305.99%,1.53,650.38,618.43,613.78,-0.75%,6/9,3.79,-2.44,8.97,597.00,Fairly Valued,NYSE:TMO,Buy,0.29,57.4,650.00,750.00,575.00,+5.90%,Strong Buy,2026-10-28,52,613.78,61,"{'valuation': 12, 'quality': 27, 'f_score': 12, 'z_score': 15, 'moat': 4, 'momentum': 18}"
SYK,Stryker Corp,Healthcare,Medical Devices,USA,S&P 500,116.27B,128.24B,3.73B,25.84B,62.54,9.06,3.53 (1.17%),3.48 (1.15%),"Sep 30, 2026",6.31% 7.67%,40.48%,56000,"Mar 17, 1980",31.41,18.09,1.64,4.50,4.85,33.45,24.73,17.12,4.96,1.33,2.16,0.64,0.61,Yes / Yes,9.65,11.58%,3.58,10.21%,11.04%,10.83% 14.84%,10.83% 11.84%,27.36%,8.48%,44.49%,9.42%,Jul 30 AMC,5.78% 0.15%,5.90%,-2.89%,82.39%,1.10%,7.91%,16.51%,10.41,62.97%,24.27%,14.43%,-7.96%,-7.84%,-10.44%,,383.57M,360.93M,1.92%,2.84,6.94M,396.86 -23.62%,281.00 7.88%,3.17% 2.75%,9.85,34.06,0.76,0.98,2.44M,"2,401,464",-8.33%,-10.17%,-0.83%,-16.85%,-13.75%,-23.13%,6.57%,9.57%,162.22%,1.57,388.57,307.99,303.13,-1.58%,8/9,4.66,-2.72,7.80,417.00,Modestly Undervalued,NYSE:SYK,Strong Sell,-0.60,34.1,385.00,465.00,340.00,+27.01%,Strong Buy,2026-10-29,53,303.13,62,"{'valuation': 23, 'quality': 35, 'f_score': 20, 'z_score': 15, 'moat': 4, 'momentum': 0}"
ISRG,Intuitive Surgical Inc,Healthcare,Medical Instruments & Supplies,USA,"NDX, S&P 500",129.55B,124.43B,3.14B,11.03B,51.34,14.85,-,-,-,- -,0.00%,17021,"Jun 13, 2000",42.03,30.35,2.02,11.74,7.14,24.69,40.20,29.73,11.28,3.91,4.96,0.00,0.00,Yes / Yes,8.73,11.87%,2.64,20.93%,15.06%,29.18% 21.79%,17.39% 18.22%,21.06%,20.66%,26.62%,18.54%,Jul 16 AMC,11.50% 2.37%,0.71%,-0.94%,89.60%,0.05%,15.30%,17.43%,20.27,66.66%,31.28%,28.45%,-3.93%,-3.76%,-20.94%,,353.90M,350.75M,2.02%,2.37,7.07M,603.88 -39.28%,328.57 11.60%,3.01% 2.78%,11.37,43.02,1.48,0.70,2.99M,"2,081,783",-1.58%,-1.88%,-13.12%,-25.19%,-35.25%,-19.32%,18.13%,2.64%,379.44%,1.76,479.86,369.83,366.70,-0.85%,6/9,32.17,-2.46,11.94,624.00,Significantly Undervalued,NASDAQ:ISRG,Strong Sell,-0.60,43.0,484.00,685.00,324.00,+31.99%,Strong Buy,2026-10-20,44,366.70,56,"{'valuation': 25, 'quality': 27, 'f_score': 12, 'z_score': 15, 'moat': 4, 'momentum': 0}"
MDT,Medtronic Plc,Healthcare,Medical Devices,Ireland,S&P 500,120.46B,140.41B,5.23B,37.54B,39.24,6.89,2.89 (3.07%),2.85 (3.03%),"Sep 25, 2026",1.45% 4.13%,76.20%,95000,"Nov 21, 1977",23.18,14.71,1.88,3.21,2.40,13.66,19.64,13.47,3.74,1.54,2.07,0.56,0.51,Yes / Yes,4.06,7.14%,1.33,8.02%,7.82%,9.75% 6.95%,5.21% 3.84%,12.28%,9.77%,41.57%,13.73%,Sep 01 BMO,4.44% 2.20%,0.09%,-0.63%,89.01%,-1.75%,5.68%,10.66%,7.46,60.56%,19.93%,13.93%,2.66%,8.57%,4.96%,,1.28B,1.28B,1.12%,1.69,14.35M,106.33 -11.44%,73.31 28.45%,3.07% 2.36%,2.28,64.50,0.56,1.06,8.49M,"9,013,902",3.22%,9.60%,15.31%,3.60%,-1.97%,1.42%,14.66%,-30.05%,7.84%,1.71,104.78,93.10,94.17,1.15%,8/9,3.02,-2.6,5.12,100.00,Fairly Valued,NYSE:MDT,Strong Buy,0.51,64.5,106.00,121.00,85.00,+12.56%,Strong Buy,2026-11-24,79,94.17,76,"{'valuation': 12, 'quality': 35, 'f_score': 20, 'z_score': 15, 'moat': 4, 'momentum': 25}"
BSX,Boston Scientific Corp,Healthcare,Medical Devices,USA,S&P 500,69.27B,81.49B,3.67B,21.00B,17.23,0.45,-,-,-,- -,0.00%,59000,"May 19, 1992",19.38,13.97,1.95,3.30,2.77,106.90,19.11,13.60,3.88,0.74,1.24,0.51,0.44,Yes / Yes,2.47,3.58%,0.81,7.95%,7.18%,63.23% -,16.54% 15.16%,46.29%,13.53%,15.25%,7.53%,Jul 29 BMO,2.93% 1.25%,0.65%,2.24%,95.14%,-2.18%,8.47%,15.52%,10.91,66.36%,21.80%,17.50%,-3.46%,1.95%,-28.40%,,1.45B,1.44B,1.92%,1.39,27.62M,109.50 -56.35%,42.20 13.27%,4.34% 3.34%,1.80,47.72,0.56,0.78,19.90M,"15,504,238",2.05%,-3.04%,-1.54%,-33.01%,-49.87%,-55.45%,-10.85%,6.41%,97.03%,1.45,61.41,46.95,47.80,1.81%,8/9,3.13,-2.46,7.60,107.00,Significantly Undervalued,NYSE:BSX,Sell,-0.42,47.7,60.00,85.00,44.00,+25.52%,Strong Buy,2026-10-28,52,47.80,68,"{'valuation': 25, 'quality': 35, 'f_score': 20, 'z_score': 15, 'moat': 4, 'momentum': 4}"
ZBH,Zimmer Biomet Holdings Inc,Healthcare,Medical Devices,USA,S&P 500,18.71B,25.78B,806.60M,8.51B,66.23,2.15,1.04 (1.06%),0.96 (0.98%),"Sep 30, 2026",0.00% 0.00%,27.05%,17000,"Jul 25, 2001",23.87,10.82,1.85,2.20,1.48,45.62,15.59,10.32,3.03,0.94,1.69,0.59,0.50,Yes / Yes,4.11,6.28%,1.88,4.05%,5.85%,47.75% -,5.85% 3.22%,0.09%,8.62%,33.47%,4.80%,Aug 05 BMO,2.97% 1.97%,0.22%,-1.79%,106.65%,1.95%,3.53%,6.42%,5.56,61.43%,16.33%,9.48%,-1.44%,3.31%,7.34%,,190.60M,190.31M,4.62%,4.02,8.80M,106.88 -8.24%,79.12 23.95%,2.61% 2.47%,2.69,50.00,0.48,0.61,2.19M,"1,325,049",-2.81%,0.91%,12.30%,4.21%,9.06%,-6.39%,-17.90%,-31.11%,-21.88%,2.52,106.45,98.92,98.07,-0.86%,6/9,2.5,-2.55,4.91,124.00,Modestly Undervalued,NYSE:ZBH,Neutral,-0.09,50.0,105.50,120.00,93.00,+7.58%,Buy,2026-11-04,59,98.07,54,"{'valuation': 20, 'quality': 20, 'f_score': 12, 'z_score': 8, 'moat': 4, 'momentum': 10}"
BDX,Becton Dickinson & Co,Healthcare,Medical Instruments & Supplies,USA,S&P 500,50.32B,66.26B,941.00M,20.84B,89.64,3.17,3.99 (2.16%),3.74 (2.03%),"Sep 09, 2026",6.13% 5.65%,71.53%,72000,"Sep 25, 1963",55.72,13.90,1.78,2.41,2.06,58.24,19.87,12.61,3.18,0.51,0.87,0.69,0.55,Yes / Yes,3.32,4.90%,4.07,11.97%,7.80%,-0.35% 16.45%,4.99% 6.32%,-40.38%,-2.56%,-31.44%,-9.55%,Aug 06 BMO,2.82% 1.96%,0.22%,-1.98%,99.86%,-1.44%,2.44%,5.17%,6.23,46.44%,14.54%,4.52%,-0.77%,8.67%,15.62%,,272.39M,271.79M,3.45%,4.41,9.37M,193.07 -4.31%,127.54 44.85%,2.09% 2.15%,4.13,57.49,0.22,0.68,2.12M,"1,439,134",-2.52%,4.33%,22.21%,10.54%,21.13%,22.91%,-15.58%,-6.48%,35.98%,2.24,193.00,187.62,184.74,-1.54%,7/9,2.22,-2.78,3.84,184.00,Fairly Valued,NYSE:BDX,Neutral,0.04,57.5,195.00,210.00,170.00,+5.55%,Buy,2026-11-05,60,184.74,50,"{'valuation': 12, 'quality': 24, 'f_score': 16, 'z_score': 8, 'moat': 4, 'momentum': 10}"
UNH,Unitedhealth Group Inc,Healthcare,Healthcare Plans,USA,"DJIA, S&P 500",356.47B,-,14.12B,450.13B,108.78,-,9.06 (2.28%),8.95 (2.25%),"Sep 14, 2026",10.90% 12.57%,65.97%,390000,"Oct 17, 1984",25.54,17.69,1.04,0.79,3.65,-,15.09,-,-,-,0.78,0.74,0.71,Yes / Yes,15.55,13.60%,4.09,20.86%,17.05%,-14.51% -3.76%,11.35% 11.72%,-32.89%,6.46%,61.72%,0.37%,Jul 16 BMO,30.01% 1.11%,0.25%,-0.11%,90.18%,2.88%,4.57%,14.62%,7.23,-,4.82%,3.14%,0.06%,-3.55%,12.99%,,905.00M,895.36M,1.73%,2.79,15.46M,461.62 -13.97%,255.96 55.15%,1.84% 1.87%,8.65,46.79,0.61,1.00,5.55M,"5,566,529",1.07%,-1.69%,-0.58%,38.63%,20.31%,27.95%,-16.61%,-6.08%,190.71%,1.60,481.52,400.94,397.14,-0.95%,5/9,3.09,-2.42,8.36,592.00,Significantly Undervalued,NYSE:UNH,Neutral,0.02,46.8,490.00,529.00,380.00,+23.38%,Strong Buy,2026-10-09,33,397.14,62,"{'valuation': 25, 'quality': 23, 'f_score': 8, 'z_score': 15, 'moat': 4, 'momentum': 10}"
ELV,Elevance Health Inc,Healthcare,Healthcare Plans,USA,S&P 500,88.37B,-,4.96B,201.11B,206.99,-,6.90 (1.69%),6.86 (1.68%),"Sep 10, 2026",10.14% 12.47%,27.13%,97100,"Oct 30, 2001",18.11,13.75,3.51,0.44,1.97,-,14.05,-,-,-,1.52,0.69,0.68,Yes / Yes,22.50,9.16%,4.66,-10.37%,3.92%,1.27% 6.99%,8.34% 10.32%,-4.37%,6.27%,-13.02%,1.40%,Jul 15 BMO,19.94% 1.94%,0.24%,0.28%,94.77%,0.36%,4.00%,11.20%,6.66,-,3.63%,2.47%,1.99%,2.83%,13.42%,,216.84M,216.36M,2.50%,3.91,5.41M,436.24 -6.59%,274.84 48.27%,2.18% 2.23%,9.75,56.62,0.71,0.82,1.38M,"1,133,469",3.31%,4.11%,-1.93%,40.69%,16.25%,32.28%,-7.88%,7.60%,227.99%,1.88,445.57,414.78,407.50,-1.76%,4/9,,-3.51,8.19,483.00,Modestly Undervalued,NYSE:ELV,Buy,0.35,56.6,455.00,492.00,393.00,+11.66%,Strong Buy,2026-10-21,45,407.50,53,"{'valuation': 20, 'quality': 11, 'f_score': 3, 'z_score': 8, 'moat': 4, 'momentum': 18}"
MCK,Mckesson Corp,Healthcare,Medical Distribution,USA,S&P 500,105.86B,115.25B,4.59B,410.98B,-36.55,45.08,3.27 (0.36%),3.40 (0.37%),"Sep 01, 2026",14.90% 13.68%,8.26%,43000,"Nov 10, 1994",24.30,17.96,1.29,0.26,-,20.14,16.50,15.41,0.28,0.52,0.89,-,-,Yes / Yes,37.37,13.27%,10.72,14.11%,13.89%,15.30% -,13.39% 11.11%,48.98%,8.84%,-17.54%,7.72%,Aug 05 AMC,3.86% 1.45%,0.07%,-27.44%,94.46%,-2.98%,5.41%,-,21.11,3.43%,1.63%,1.12%,2.76%,7.17%,7.68%,,116.59M,116.50M,2.08%,2.36,2.42M,999.00 -9.11%,682.35 33.07%,2.04% 2.41%,22.80,58.57,0.29,0.86,1.03M,"879,269",1.63%,4.20%,17.06%,-1.23%,10.69%,31.32%,120.20%,340.17%,396.22%,1.68,988.19,921.38,907.99,-1.45%,7/9,5.87,-2.54,4.95,827.00,Fairly Valued,NYSE:MCK,Buy,0.35,58.6,1000.00,1080.00,845.00,+10.13%,Strong Buy,2026-11-03,58,907.99,65,"{'valuation': 12, 'quality': 31, 'f_score': 16, 'z_score': 15, 'moat': 4, 'momentum': 18}"
COR,Cencora Inc,Healthcare,Medical Distribution,USA,S&P 500,63.15B,72.20B,2.62B,332.77B,15.99,15.01,2.39 (0.72%),2.40 (0.73%),"Aug 14, 2026",6.14% 5.79%,27.63%,51000,"Apr 04, 1995",24.60,16.71,1.50,0.19,20.70,22.04,15.55,13.23,0.22,0.58,0.93,3.84,3.75,Yes / Yes,13.45,10.83%,4.57,11.72%,11.10%,-0.34% -,10.43% 11.09%,38.10%,5.09%,11.81%,5.07%,Aug 05 BMO,3.07% 0.52%,0.49%,-0.40%,100.01%,-1.54%,3.33%,104.34%,12.41,3.62%,1.32%,0.79%,2.50%,6.04%,2.80%,,190.83M,189.89M,2.45%,3.21,4.64M,377.54 -12.34%,244.82 35.18%,1.85% 2.19%,7.51,59.11,0.57,0.71,1.45M,"1,027,640",2.77%,1.83%,20.33%,-7.67%,-2.01%,13.07%,89.16%,164.46%,278.49%,1.84,368.92,337.22,330.95,-1.86%,7/9,4.7,-2.63,5.63,303.00,Fairly Valued,NYSE:COR,Buy,0.31,59.1,370.00,430.00,330.00,+11.80%,Strong Buy,2026-11-11,66,330.95,65,"{'valuation': 12, 'quality': 31, 'f_score': 16, 'z_score': 15, 'moat': 4, 'momentum': 18}"
CAH,Cardinal Health Inc,Healthcare,Medical Distribution,USA,S&P 500,57.49B,62.74B,1.71B,254.25B,-12.37,20.88,2.08 (0.84%),2.05 (0.83%),"Oct 01, 2026",1.00% 1.01%,28.32%,63900,"Aug 04, 1983",34.15,17.54,1.51,0.23,-,11.84,12.70,14.81,0.25,0.49,0.88,-,-,Yes / Yes,7.24,12.35%,2.94,11.41%,11.59%,79.07% 28.33%,7.44% 9.37%,12.28%,14.23%,70.07%,5.84%,Aug 11 BMO,20.26% -2.27%,0.25%,-30.26%,91.67%,-0.65%,3.10%,-,13.34,3.70%,1.29%,0.67%,4.40%,5.53%,14.56%,,233.00M,231.99M,2.76%,2.96,6.39M,258.30 -4.31%,145.87 69.45%,1.78% 2.36%,5.24,64.97,0.49,0.72,2.16M,"1,548,361",5.38%,4.01%,20.16%,13.50%,20.28%,65.51%,182.23%,360.81%,210.02%,1.48,273.31,248.61,247.18,-0.58%,6/9,5.1,-2.68,6.05,151.00,Significantly Overvalued,NYSE:CAH,Buy,0.35,65.0,275.50,292.00,250.00,+11.46%,Strong Buy,2026-10-30,54,247.18,51,"{'valuation': 2, 'quality': 27, 'f_score': 12, 'z_score': 15, 'moat': 4, 'momentum': 18}"
VEEV,Veeva Systems Inc,Healthcare,Health Information Services,USA,S&P 500,44.54B,37.45B,1.01B,3.46B,45.92,44.73,-,-,-,- -,0.00%,7928,"Oct 16, 2013",45.26,26.85,2.16,12.88,5.99,6.15,27.18,34.40,10.83,5.46,5.46,0.02,0.02,Yes / Yes,6.08,11.00%,2.34,13.93%,12.45%,21.93% 18.15%,14.03% 16.88%,24.67%,16.50%,38.67%,17.60%,Aug 26 AMC,5.49% 2.49%,8.94%,-0.37%,92.56%,2.77%,11.90%,14.42%,33.98,74.83%,29.93%,29.34%,6.96%,25.04%,38.50%,,161.83M,147.43M,3.96%,2.79,5.84M,310.50 -11.40%,148.05 85.81%,3.54% 3.62%,10.88,65.92,0.94,0.55,2.10M,"1,152,410",-0.58%,26.30%,59.37%,40.72%,23.23%,1.86%,27.02%,-13.40%,575.23%,1.81,295.20,284.38,275.09,-3.27%,4/9,18.89,-2.64,8.17,290.00,Fairly Valued,NYSE:VEEV,Buy,0.45,65.9,300.00,340.00,180.00,+9.06%,Strong Buy,2026-12-09,94,275.09,52,"{'valuation': 12, 'quality': 18, 'f_score': 3, 'z_score': 15, 'moat': 4, 'momentum': 18}"
LMT,Lockheed Martin Corp,Industrials,Aerospace & Defense,USA,S&P 500,121.23B,137.98B,6.29B,77.01B,38.12,16.43,14.05 (2.67%),13.80 (2.63%),"Sep 01, 2026",5.40% 6.38%,62.13%,123000,"Oct 11, 1961",19.36,16.08,0.90,1.57,13.78,31.98,13.89,12.81,1.79,1.01,1.19,2.34,2.34,Yes / Yes,27.13,7.38%,7.56,41.59%,17.95%,-0.27% -2.43%,4.38% 2.79%,52.79%,7.20%,444.26%,10.51%,Jul 23 BMO,10.36% 3.74%,0.11%,-0.08%,77.09%,0.24%,10.36%,89.16%,15.21,12.66%,11.80%,8.16%,-8.26%,-5.34%,-5.67%,,230.79M,230.55M,1.04%,2.02,2.39M,692.00 -24.09%,437.25 20.13%,2.50% 2.31%,13.68,33.48,0.08,0.80,1.18M,"946,592",-6.84%,-9.88%,0.29%,-21.81%,8.60%,14.98%,17.20%,47.55%,115.88%,2.48,635.84,532.95,525.28,-1.44%,8/9,3.48,-2.67,4.06,561.00,Fairly Valued,NYSE:LMT,Sell,-0.40,33.5,620.00,756.00,503.00,+18.03%,Buy,2026-10-27,51,525.28,55,"{'valuation': 12, 'quality': 35, 'f_score': 20, 'z_score': 15, 'moat': 4, 'momentum': 4}"
NOC,Northrop Grumman Corp,Industrials,Aerospace & Defense,USA,S&P 500,73.16B,87.90B,4.50B,42.89B,125.89,16.24,9.70 (1.88%),11.87 (2.30%),"Aug 31, 2026",9.97% 9.66%,30.91%,95000,"Dec 10, 1951",16.33,16.91,2.19,1.71,4.09,31.71,20.07,14.36,2.05,1.05,1.15,0.95,0.91,Yes / Yes,31.54,5.23%,7.17,9.87%,7.71%,-2.59% 8.86%,4.65% 2.66%,16.00%,5.90%,-5.77%,5.07%,Jul 21 BMO,12.57% 0.69%,0.25%,-0.05%,85.59%,0.20%,8.97%,26.96%,8.57,20.06%,10.72%,10.48%,-7.38%,-5.29%,-14.58%,,142.06M,141.71M,1.73%,2.77,2.45M,774.00 -33.47%,479.02 7.51%,2.37% 2.11%,13.13,34.05,-0.13,1.03,884.15K,"914,009",-5.61%,-9.29%,-5.40%,-31.89%,-9.69%,-11.17%,18.22%,40.73%,141.50%,1.89,652.96,528.24,514.98,-2.51%,9/9,3.11,-2.59,2.64,564.00,Fairly Valued,NYSE:NOC,Strong Sell,-0.51,34.0,646.50,815.00,538.00,+25.54%,Strong Buy,2026-10-22,46,514.98,54,"{'valuation': 15, 'quality': 35, 'f_score': 20, 'z_score': 15, 'moat': 4, 'momentum': 0}"
GD,General Dynamics Corp,Industrials,Aerospace & Defense,USA,S&P 500,97.24B,102.38B,4.49B,54.86B,99.15,16.02,6.30 (1.75%),6.18 (1.72%),"Oct 09, 2026",5.98% 6.40%,38.83%,117000,"Apr 25, 1952",21.91,19.34,2.12,1.77,3.62,22.44,15.08,15.50,1.87,0.96,1.44,0.35,0.29,Yes / Yes,16.40,9.49%,4.12,9.88%,9.13%,8.24% 7.04%,10.07% 6.74%,10.37%,9.13%,13.32%,8.07%,Jul 29 BMO,6.95% 4.23%,0.66%,-11.49%,88.42%,-0.12%,7.63%,17.80%,9.19,15.38%,10.32%,8.18%,-6.04%,-4.91%,1.37%,,270.56M,268.78M,1.00%,2.31,2.70M,400.00 -10.15%,306.77 17.15%,2.41% 1.71%,7.27,31.03,0.32,0.93,1.17M,"1,080,768",-5.25%,-7.12%,3.74%,-1.13%,6.75%,11.46%,58.76%,77.51%,133.66%,2.04,424.50,365.87,359.39,-1.77%,7/9,4.2,-2.73,5.16,358.00,Fairly Valued,NYSE:GD,Sell,-0.33,31.0,430.50,465.00,319.00,+19.79%,Buy,2026-10-28,52,359.39,51,"{'valuation': 12, 'quality': 31, 'f_score': 16, 'z_score': 15, 'moat': 4, 'momentum': 4}"
RTX,RTX Corp,Industrials,Aerospace & Defense,USA,S&P 500,270.62B,302.93B,7.74B,93.50B,49.25,6.16,2.86 (1.43%),2.82 (1.40%),"Aug 14, 2026",7.32% 4.33%,53.80%,180000,"Sep 05, 1934",35.36,25.40,2.17,2.89,4.08,32.58,23.72,21.05,3.24,0.78,1.01,0.59,0.50,Yes / Yes,5.68,9.09%,1.77,15.21%,11.72%,12.37% -,9.72% 9.35%,24.93%,11.84%,28.04%,14.49%,Jul 23 BMO,13.90% 7.93%,0.10%,-2.29%,82.34%,0.22%,4.54%,12.02%,6.16,20.35%,10.68%,8.28%,-6.08%,-3.31%,3.99%,,1.35B,1.35B,0.96%,2.62,12.95M,226.88 -11.50%,150.61 33.32%,2.21% 1.92%,4.42,34.79,0.29,0.57,4.93M,"2,803,339",-5.16%,-10.06%,10.94%,-4.28%,9.48%,26.54%,132.72%,140.04%,218.37%,1.78,236.86,202.13,200.79,-0.66%,8/9,2.76,-2.55,5.67,154.00,Significantly Overvalued,NYSE:RTX,Neutral,-0.04,34.8,240.00,265.00,200.00,+19.53%,Strong Buy,2026-10-27,51,200.79,44,"{'valuation': 2, 'quality': 28, 'f_score': 20, 'z_score': 8, 'moat': 4, 'momentum': 10}"
TDG,Transdigm Group Incorporated,Industrials,Aerospace & Defense,USA,S&P 500,64.23B,95.04B,1.91B,10.01B,-177.47,50.17,0.27 (0.02%),-,"Sep 02, 2025",- -,0.00%,16500,"Mar 15, 2006",35.24,24.04,1.68,6.42,-,23.16,33.33,18.67,9.49,2.01,3.02,-,-,Yes / Yes,32.98,17.69%,12.11,10.03%,14.27%,33.74% 31.12%,17.55% 11.58%,9.48%,16.64%,10.89%,22.63%,Aug 04 BMO,5.52% 2.37%,1.23%,-13.32%,97.30%,-1.96%,7.73%,-,18.16,57.39%,46.67%,19.09%,-3.37%,-6.43%,-8.45%,,55.27M,54.60M,1.53%,2.14,0.84M,1463.03 -20.57%,1123.61 3.42%,1.87% 2.08%,27.57,36.78,0.95,0.54,391.22K,"210,410",-2.02%,-7.93%,-6.19%,-10.23%,-12.62%,-9.34%,49.18%,132.14%,544.83%,2.04,1524.06,1157.83,1162.05,0.36%,7/9,1.76,-2.35,8.18,1675.00,"Possible Value Trap, Think Twice",NYSE:TDG,Sell,-0.31,36.8,1462.50,1972.00,1350.00,+25.86%,Buy,2026-11-18,73,1162.05,27,"{'valuation': 3, 'quality': 16, 'f_score': 16, 'z_score': 0, 'moat': 4, 'momentum': 4}"
HON,Honeywell International Inc,Industrials,Conglomerates,USA,"DJIA, NDX, S&P 500",66.43B,92.51B,8.62B,39.03B,58.49,29.01,4.67 (2.23%),4.44 (2.12%),"Aug 14, 2026",4.88% 4.76%,62.25%,101000,"Jan 01, 1927",7.75,21.06,7.02,1.70,3.58,7.22,16.02,10.38,2.37,0.93,1.21,1.89,1.46,Yes / Yes,27.04,19.60%,2.16,-18.82%,3.00%,0.40% 1.83%,1.84% 2.78%,53.63%,-2.41%,264.01%,-6.12%,Jul 23 BMO,6.79% 3.21%,0.11%,-4.74%,79.15%,3.05%,11.09%,49.90%,8.56,37.84%,19.17%,22.09%,-5.27%,-8.43%,-8.73%,,316.94M,316.59M,1.66%,1.28,5.27M,260.15 -19.43%,195.77 7.07%,2.11% 2.23%,5.39,34.53,0.82,0.65,4.13M,"2,698,795",-3.60%,-12.93%,-6.55%,-15.01%,2.50%,-1.36%,12.66%,-7.06%,91.55%,2.00,268.45,207.63,209.61,0.95%,5/9,2.73,-2.63,6.38,190.00,Modestly Overvalued,NASDAQ:HON,Sell,-0.35,34.5,265.00,303.00,237.00,+26.43%,Strong Buy,2026-10-22,46,209.61,33,"{'valuation': 9, 'quality': 16, 'f_score': 8, 'z_score': 8, 'moat': 4, 'momentum': 4}"
CAT,Caterpillar Inc,Industrials,Farm & Heavy Construction Machinery,USA,"DJIA, S&P 500",374.15B,412.58B,10.84B,74.73B,42.19,14.60,6.21 (0.76%),6.16 (0.76%),"Jul 20, 2026",8.04% 7.59%,31.58%,118000,"Dec 02, 1929",35.01,25.11,0.94,5.01,19.29,55.73,41.60,25.67,5.52,0.85,1.37,2.33,1.65,Yes / Yes,23.25,18.97%,6.93,42.96%,26.65%,14.16% 28.05%,4.38% 10.12%,18.23%,18.36%,68.10%,23.98%,Aug 04 BMO,31.42% 6.25%,0.23%,-10.98%,74.44%,0.63%,11.24%,56.99%,13.85,32.83%,18.32%,14.51%,-1.19%,-6.73%,5.27%,,459.67M,458.60M,1.41%,2.03,6.46M,1073.46 -24.18%,414.29 96.47%,2.41% 2.74%,27.69,45.45,1.58,0.68,3.18M,"2,150,397",1.71%,-5.02%,-9.99%,19.54%,42.08%,93.69%,184.35%,286.91%,896.38%,2.13,991.21,800.14,813.94,1.72%,7/9,5.02,-2.45,13.57,457.00,Significantly Overvalued,NYSE:CAT,Neutral,-0.04,45.4,985.00,1225.00,575.00,+21.02%,Buy,2026-11-04,59,813.94,50,"{'valuation': 5, 'quality': 31, 'f_score': 16, 'z_score': 15, 'moat': 4, 'momentum': 10}"
DE,Deere & Co,Industrials,Farm & Heavy Construction Machinery,USA,S&P 500,186.99B,240.95B,4.87B,47.98B,103.81,38.12,6.59 (0.95%),6.48 (0.93%),"Sep 30, 2026",14.12% 16.34%,35.02%,73100,"Jun 29, 1933",38.55,30.89,2.31,3.90,6.68,18.19,57.91,20.19,5.02,0.55,0.77,2.29,1.45,Yes / Yes,17.99,23.85%,4.07,-2.02%,13.35%,-7.37% 16.32%,-4.57% 5.13%,-5.94%,7.98%,7.26%,4.96%,Aug 20 BMO,8.65% 1.70%,7.44%,-0.18%,77.75%,2.03%,4.52%,18.33%,7.15,36.78%,19.98%,10.16%,9.30%,12.07%,22.06%,,269.63M,249.57M,2.03%,4.06,5.07M,705.88 -1.75%,433.00 60.17%,2.84% 3.06%,19.94,68.29,0.87,0.85,1.25M,"1,054,249",10.03%,12.80%,18.87%,17.59%,48.96%,46.04%,65.56%,78.13%,725.14%,2.00,692.10,694.41,693.53,-0.13%,6/9,3.41,-2.56,6.83,434.00,Significantly Overvalued,NYSE:DE,Buy,0.26,68.3,728.00,813.00,500.00,+4.97%,Strong Buy,2026-11-25,80,693.53,51,"{'valuation': 2, 'quality': 27, 'f_score': 12, 'z_score': 15, 'moat': 4, 'momentum': 18}"
OTIS,Otis Worldwide Corp,Industrials,Specialty Industrial Machinery,USA,S&P 500,27.11B,35.40B,1.52B,14.91B,-15.10,2.23,1.75 (2.46%),1.72 (2.42%),"Aug 14, 2026",14.13% 22.42%,47.08%,72000,"Mar 19, 2020",18.28,15.69,2.06,1.82,-,31.93,15.83,14.15,2.37,0.75,0.83,-,-,Yes / Yes,3.90,12.16%,1.00,-0.09%,7.63%,5.77% 10.95%,1.79% 2.50%,2.75%,5.24%,12.40%,7.34%,Jul 22 BMO,0.10% 2.59%,0.11%,-0.39%,96.90%,0.79%,14.00%,-,22.29,30.24%,15.63%,10.17%,-0.83%,-1.57%,-10.97%,,380.70M,380.26M,3.94%,4.11,14.97M,94.57 -24.70%,69.16 2.96%,1.46% 1.68%,1.30,46.23,0.85,0.82,3.64M,"2,976,020",-0.74%,-3.55%,1.24%,-20.19%,-18.48%,-17.68%,-17.36%,-22.45%,-,2.06,86.73,71.48,71.21,-0.38%,6/9,2.83,-2.52,7.88,102.00,Significantly Undervalued,NYSE:OTIS,Sell,-0.49,46.2,86.00,100.00,75.00,+20.77%,Buy,2026-10-28,52,71.21,53,"{'valuation': 25, 'quality': 20, 'f_score': 12, 'z_score': 8, 'moat': 4, 'momentum': 4}"
WM,Waste Management Inc,Industrials,Waste Management,USA,S&P 500,87.53B,110.32B,2.85B,25.67B,24.81,1.42,3.77 (1.72%),3.54 (1.62%),"Sep 11, 2026",8.27% 8.65%,49.26%,60500,"Jun 03, 1988",31.00,24.17,2.51,3.41,8.83,154.65,24.50,14.08,4.30,0.87,0.91,2.35,2.24,Yes / Yes,7.06,11.71%,2.19,8.14%,9.62%,7.50% 13.74%,8.56% 10.62%,4.68%,7.17%,8.64%,3.95%,Jul 28 AMC,2.15% -0.38%,0.24%,-1.55%,86.14%,-0.57%,6.19%,29.83%,8.81,29.15%,18.51%,11.12%,-1.71%,-4.09%,-2.76%,,399.97M,398.75M,1.54%,2.89,6.12M,248.13 -11.74%,194.11 12.82%,1.61% 1.54%,3.94,40.19,0.42,1.15,2.12M,"2,448,269",-0.31%,-4.38%,-0.64%,-11.00%,-0.33%,-2.65%,39.48%,40.92%,240.31%,1.90,261.22,221.72,218.99,-1.23%,7/9,2.86,-2.77,5.46,247.00,Modestly Undervalued,NYSE:WM,Strong Sell,-0.56,40.2,263.00,277.00,230.00,+20.10%,Strong Buy,2026-10-27,51,218.99,51,"{'valuation': 23, 'quality': 24, 'f_score': 16, 'z_score': 8, 'moat': 4, 'momentum': 0}"
RSG,Republic Services Inc,Industrials,Waste Management,USA,S&P 500,68.20B,82.39B,2.19B,16.89B,39.32,0.35,2.55 (1.15%),2.50 (1.12%),"Oct 02, 2026",8.06% 7.74%,35.17%,42000,"Jul 01, 1998",31.55,27.58,3.36,4.04,5.66,637.35,25.71,15.35,4.88,0.62,0.64,1.19,1.14,Yes / Yes,7.06,10.98%,1.93,3.65%,8.20%,13.46% 17.78%,7.08% 10.32%,4.30%,3.21%,4.83%,4.60%,Aug 06 AMC,2.01% 1.53%,37.21%,4.78%,60.93%,0.24%,6.38%,18.15%,8.64,30.26%,20.02%,12.94%,1.47%,2.37%,3.58%,,306.00M,192.28M,2.19%,2.82,4.21M,235.18 -5.30%,196.41 13.39%,1.68% 1.65%,3.94,56.90,0.39,1.08,1.49M,"1,611,021",0.27%,6.26%,6.03%,-3.61%,5.09%,-4.76%,53.70%,77.50%,336.00%,1.97,247.57,225.12,222.71,-1.07%,4/9,2.97,-2.7,5.26,223.00,Fairly Valued,NYSE:RSG,Buy,0.45,56.9,249.00,272.00,227.00,+11.80%,Strong Buy,2026-10-22,46,222.71,45,"{'valuation': 12, 'quality': 11, 'f_score': 3, 'z_score': 8, 'moat': 4, 'momentum': 18}"
CPRT,Copart Inc,Industrials,Specialty Business Services,USA,"NDX, S&P 500",31.22B,27.13B,1.55B,4.64B,9.48,4.54,-,-,-,- -,0.00%,11600,"Mar 17, 1994",21.01,20.13,4.42,6.73,3.56,7.43,23.31,14.14,5.85,7.37,7.44,0.01,0.01,Yes / Yes,1.61,5.82%,0.38,-0.44%,4.55%,12.01% 16.72%,9.90% 16.07%,5.61%,1.05%,2.67%,2.09%,Sep 10 AMC,5.83% 3.54%,8.99%,-0.16%,87.84%,0.80%,16.08%,17.69%,28.76,44.95%,36.57%,33.48%,4.71%,12.09%,-2.11%,,925.81M,842.58M,5.35%,3.81,45.10M,50.11 -32.71%,26.81 25.77%,2.63% 3.34%,1.07,64.09,1.04,0.56,11.84M,"6,589,887",2.21%,16.24%,8.91%,-10.65%,-13.87%,-32.52%,-25.03%,-7.38%,421.98%,2.00,40.12,33.58,33.72,0.42%,6/9,24.65,-2.55,9.34,57.00,Significantly Undervalued,NASDAQ:CPRT,Buy,0.38,64.1,40.00,55.00,25.00,+18.62%,Strong Buy,2026-09-10,5,33.72,74,"{'valuation': 25, 'quality': 27, 'f_score': 12, 'z_score': 15, 'moat': 4, 'momentum': 18}"
VRSK,Verisk Analytics Inc,Industrials,Consulting Services,USA,S&P 500,24.18B,28.25B,885.50M,3.14B,-9.14,4.24,2.00 (1.07%),1.90 (1.02%),"Sep 15, 2026",13.23% 10.76%,27.76%,8000,"Oct 07, 2009",28.55,21.38,1.97,7.71,-,43.79,19.56,16.32,9.01,1.01,1.01,-,-,Yes / Yes,6.51,12.67%,1.93,7.71%,10.87%,2.61% 8.51%,7.16% 1.99%,0.06%,5.01%,-3.21%,4.36%,Jul 29 BMO,2.36% 0.28%,0.29%,-7.38%,101.49%,-3.56%,19.06%,444.05%,22.17,59.78%,44.81%,28.24%,-0.32%,-2.51%,-4.51%,,130.14M,129.78M,2.55%,1.58,3.31M,273.83 -32.15%,155.94 19.14%,2.79% 3.18%,6.46,45.96,0.68,0.41,2.09M,"854,424",-3.12%,-2.09%,2.23%,-13.52%,-16.94%,-31.20%,-23.49%,-9.41%,121.60%,2.04,240.24,190.60,185.79,-2.52%,6/9,6.78,-3.47,6.69,321.00,Significantly Undervalued,NASDAQ:VRSK,Sell,-0.38,46.0,235.00,275.00,195.00,+26.49%,Buy,2026-11-04,59,185.79,60,"{'valuation': 25, 'quality': 27, 'f_score': 12, 'z_score': 15, 'moat': 4, 'momentum': 4}"
EFX,Equifax Inc,Industrials,Consulting Services,USA,S&P 500,20.80B,26.24B,691.40M,6.44B,37.25,1.45,2.24 (1.26%),2.68 (1.51%),"Aug 31, 2026",6.61% 3.91%,35.52%,15000,"May 11, 1971",31.11,17.43,1.03,3.23,4.75,122.29,18.82,13.53,4.07,0.60,0.60,1.25,0.93,Yes / Yes,5.69,18.69%,2.22,11.86%,16.96%,-1.96% 4.67%,5.85% 8.04%,11.11%,10.35%,0.81%,10.61%,Jul 21 BMO,2.19% 0.23%,0.80%,-7.98%,104.18%,-1.72%,5.79%,14.58%,7.09,44.05%,18.53%,10.73%,-5.18%,-0.63%,-5.72%,,117.60M,116.55M,5.50%,4.06,6.41M,271.84 -34.87%,150.74 17.45%,3.42% 3.17%,7.30,42.77,1.31,1.74,1.58M,"2,737,551",-8.90%,0.72%,2.86%,-14.81%,-18.40%,-26.41%,-14.40%,-36.38%,31.97%,1.79,210.73,189.09,177.05,-6.37%,6/9,3.2,-2.83,10.35,292.00,Significantly Undervalued,NYSE:EFX,Sell,-0.49,42.8,210.00,245.00,179.00,+18.61%,Strong Buy,2026-10-21,45,177.05,60,"{'valuation': 25, 'quality': 27, 'f_score': 12, 'z_score': 15, 'moat': 4, 'momentum': 4}"
UNP,Union Pacific Corp,Industrials,Railroads,USA,S&P 500,172.06B,201.11B,7.33B,25.41B,34.81,3.56,5.50 (1.90%),5.56 (1.92%),"Aug 31, 2026",2.31% 6.99%,45.41%,29287,"Jul 16, 1969",23.45,20.44,1.97,6.77,8.32,81.31,26.45,15.86,7.91,0.82,0.99,1.51,1.43,Yes / Yes,12.35,8.41%,3.45,12.10%,10.40%,2.22% 8.75%,-0.49% 4.64%,7.24%,4.17%,6.38%,11.54%,Jul 23 BMO,4.66% 2.21%,0.21%,-2.68%,92.20%,0.56%,10.49%,39.70%,11.53,45.47%,39.87%,28.85%,-3.26%,-1.35%,11.27%,,593.96M,592.84M,4.38%,9.42,25.94M,315.99 -8.35%,210.84 37.36%,2.57% 1.90%,6.25,39.94,0.94,0.46,2.75M,"1,279,302",-5.79%,-1.95%,6.35%,13.97%,25.20%,29.84%,31.03%,34.76%,203.97%,1.93,332.70,289.15,289.62,0.16%,8/9,4.31,-2.65,8.87,256.00,Modestly Overvalued,NYSE:UNP,Neutral,-0.09,39.9,339.00,375.00,245.00,+17.05%,Strong Buy,2026-10-22,46,289.62,55,"{'valuation': 6, 'quality': 35, 'f_score': 20, 'z_score': 15, 'moat': 4, 'momentum': 10}"
NSC,Norfolk Southern Corp,Industrials,Railroads,USA,S&P 500,74.00B,89.55B,2.63B,12.54B,72.36,4.76,5.42 (1.64%),5.40 (1.64%),"Aug 07, 2026",2.87% 7.51%,42.36%,19300,"Jun 02, 1982",28.13,22.96,2.90,5.90,4.55,69.22,45.37,16.47,7.14,0.73,0.83,1.02,0.98,Yes / Yes,11.71,10.50%,3.59,3.95%,7.93%,-2.79% 10.22%,-1.50% 4.47%,-20.83%,2.97%,-4.43%,11.41%,Jul 23 BMO,5.96% 3.61%,0.10%,0.00%,78.23%,-0.45%,5.90%,16.97%,8.31,32.11%,32.11%,21.00%,-3.33%,-1.70%,6.64%,,224.61M,224.38M,3.25%,6.30,7.30M,358.60 -8.12%,268.23 22.83%,2.44% 1.80%,6.70,39.78,1.27,0.61,1.16M,"703,106",-5.51%,-3.80%,5.11%,8.79%,14.11%,17.77%,59.64%,31.57%,249.89%,2.71,366.76,327.83,329.46,0.50%,6/9,2.54,-2.6,10.35,268.00,Modestly Overvalued,NYSE:NSC,Neutral,-0.09,39.8,376.00,414.00,297.00,+14.13%,Buy,2026-10-28,52,329.46,40,"{'valuation': 6, 'quality': 20, 'f_score': 12, 'z_score': 8, 'moat': 4, 'momentum': 10}"
CSX,CSX Corp,Industrials,Railroads,USA,"NDX, S&P 500",91.53B,109.50B,3.22B,14.51B,7.60,0.75,0.56 (1.13%),0.55 (1.11%),"Aug 31, 2026",9.14% 8.24%,33.71%,23000,"Nov 03, 1980",28.53,21.71,1.36,6.31,6.50,65.85,32.74,16.17,7.55,0.72,0.82,1.37,1.25,Yes / Yes,1.73,13.34%,0.54,24.74%,15.98%,-7.45% 5.15%,-1.74% 5.89%,6.32%,2.52%,21.78%,10.10%,Jul 22 AMC,4.31% 1.05%,0.16%,-5.26%,82.07%,-0.77%,7.35%,24.37%,9.34,35.27%,35.27%,22.21%,-1.99%,-1.46%,14.48%,,1.85B,1.85B,1.86%,2.90,34.31M,53.60 -7.82%,31.80 55.38%,2.65% 1.86%,1.04,43.08,1.20,0.66,11.84M,"7,816,516",-3.65%,-2.54%,5.15%,23.68%,36.30%,51.29%,61.31%,54.41%,426.76%,2.00,53.78,48.99,49.41,0.86%,9/9,2.82,-2.61,9.53,36.00,Significantly Overvalued,NASDAQ:CSX,Sell,-0.13,43.1,54.00,60.00,32.00,+9.29%,Strong Buy,2026-10-15,39,49.41,38,"{'valuation': 2, 'quality': 28, 'f_score': 20, 'z_score': 8, 'moat': 4, 'momentum': 4}"
UPS,United Parcel Service Inc,Industrials,Integrated Freight & Logistics,USA,S&P 500,87.03B,111.08B,4.57B,90.00B,17.71,5.47,6.56 (6.41%),6.56 (6.41%),"Aug 17, 2026",2.57% 10.18%,100.07%,460000,"Nov 10, 1999",19.04,12.74,1.94,0.97,5.78,18.70,15.95,9.07,1.23,1.18,1.18,1.90,1.81,Yes / Yes,5.37,11.61%,1.64,0.47%,6.58%,-20.80% 33.57%,-3.95% 0.98%,-19.99%,-0.18%,-53.14%,7.70%,Jul 28 BMO,5.79% 4.31%,11.94%,0.00%,64.99%,2.36%,6.43%,29.66%,8.75,18.30%,9.31%,5.08%,-1.39%,-5.04%,-2.48%,,850.78M,749.22M,3.48%,5.26,26.09M,122.41 -16.44%,82.00 24.74%,1.57% 1.70%,2.16,41.17,1.04,0.63,4.96M,"3,108,978",-2.89%,-0.88%,-5.76%,-0.07%,3.13%,21.08%,-39.11%,-48.17%,-6.66%,2.38,116.36,103.50,102.29,-1.17%,4/9,2.93,-2.58,8.86,120.00,Modestly Undervalued,NYSE:UPS,Strong Sell,-0.51,41.2,118.00,135.00,76.00,+15.36%,Buy,2026-10-27,51,102.29,35,"{'valuation': 20, 'quality': 11, 'f_score': 3, 'z_score': 8, 'moat': 4, 'momentum': 0}"
NKE,Nike Inc,Consumer Cyclical,Footwear & Accessories,USA,"DJIA, S&P 500",56.97B,58.97B,3.11B,46.40B,10.02,6.08,1.63 (4.25%),1.64 (4.27%),"Sep 01, 2026",7.28% 8.78%,77.67%,73000,"Dec 02, 1980",18.30,17.62,4.18,1.23,3.83,6.31,26.08,12.24,1.27,1.36,1.96,0.74,0.58,Yes / Yes,2.10,25.97%,0.45,-17.61%,4.22%,-13.39% -10.02%,-3.22% 0.84%,-2.96%,-0.01%,404.83%,-1.34%,Jun 30 AMC,479.24% 1.13%,20.88%,0.01%,66.47%,0.40%,8.29%,22.14%,13.82,43.14%,8.77%,6.70%,-3.58%,-7.48%,-25.32%,,1.20B,1.17B,5.86%,2.77,68.83M,76.97 -50.11%,37.95 1.19%,2.00% 2.29%,1.09,40.06,1.09,0.83,24.81M,"20,631,606",-3.03%,-8.57%,-10.66%,-32.64%,-39.73%,-49.04%,-62.49%,-76.48%,-33.82%,2.61,49.55,38.77,38.40,-0.95%,6/9,3.37,-2.19,7.77,73.00,Significantly Undervalued,NYSE:NKE,Strong Sell,-0.58,40.1,47.00,75.00,23.00,+22.40%,Buy,2026-10-01,26,38.40,56,"{'valuation': 25, 'quality': 27, 'f_score': 12, 'z_score': 15, 'moat': 4, 'momentum': 0}"
MCD,McDonald's Corp,Consumer Cyclical,Restaurants,USA,"DJIA, S&P 500",180.94B,234.71B,8.79B,27.70B,-1.45,1.16,7.50 (2.93%),7.44 (2.91%),"Sep 01, 2026",8.20% 7.30%,59.99%,150000,"Jul 05, 1966",20.77,18.34,2.64,6.53,-,220.12,23.31,15.72,8.47,1.07,1.08,-,-,Yes / Yes,12.31,7.92%,3.41,5.90%,6.95%,12.78% 13.64%,5.06% 6.96%,5.37%,6.30%,5.80%,3.76%,Aug 04 BMO,1.86% -0.42%,0.07%,-2.91%,76.97%,-1.29%,14.71%,-,17.72,57.38%,45.72%,31.72%,-4.28%,-5.11%,-13.60%,,707.60M,707.16M,1.56%,2.41,11.06M,341.75 -25.18%,256.12 -0.17%,1.39% 1.64%,4.81,34.27,0.43,0.92,4.60M,"4,225,554",-3.51%,-7.45%,-8.63%,-22.06%,-16.34%,-19.34%,-8.99%,7.06%,120.75%,2.03,313.50,259.63,255.69,-1.52%,6/9,4.64,-2.72,4.51,324.00,Modestly Undervalued,NYSE:MCD,Strong Sell,-0.56,34.3,310.00,390.00,250.00,+21.24%,Buy,2026-10-22,46,255.69,54,"{'valuation': 23, 'quality': 27, 'f_score': 12, 'z_score': 15, 'moat': 4, 'momentum': 0}"
SBUX,Starbucks Corp,Consumer Cyclical,Restaurants,USA,"NDX, S&P 500",119.10B,137.93B,1.98B,38.32B,-6.73,3.17,2.52 (2.41%),2.48 (2.37%),"Aug 14, 2026",7.57% 8.27%,149.81%,381000,"Jun 26, 1992",60.24,33.16,1.60,3.11,-,32.99,32.70,25.06,3.60,0.54,0.76,-,-,Yes / Yes,1.73,20.56%,0.71,22.69%,20.75%,-16.85% 15.70%,4.86% 9.59%,-24.97%,4.51%,86.59%,-1.43%,Jul 29 AMC,28.87% 1.62%,0.22%,-0.71%,87.92%,0.54%,6.40%,-,8.81,16.53%,10.01%,5.17%,-2.01%,-0.92%,6.99%,,1.14B,1.14B,3.28%,5.21,37.32M,110.51 -5.47%,77.99 33.95%,1.91% 2.26%,2.46,44.90,0.96,0.64,7.16M,"4,604,288",-3.13%,-0.66%,9.63%,5.54%,24.06%,20.07%,6.60%,-10.85%,85.96%,2.42,113.44,105.82,104.47,-1.28%,5/9,3.24,-2.83,9.72,98.00,Fairly Valued,NASDAQ:SBUX,Sell,-0.34,44.9,115.00,143.00,81.00,+10.08%,Buy,2026-10-29,53,104.47,43,"{'valuation': 12, 'quality': 23, 'f_score': 8, 'z_score': 15, 'moat': 4, 'momentum': 4}"
BKNG,Booking Holdings Inc,Consumer Cyclical,Travel Services,USA,"NDX, S&P 500",145.23B,148.42B,7.21B,28.24B,-14.23,23.30,1.53 (0.79%),1.61 (0.83%),"Sep 11, 2026",- -,23.19%,24300,"Mar 30, 1999",21.38,15.61,0.96,5.14,-,8.30,15.23,13.94,5.26,1.09,1.09,-,-,Yes / Yes,9.04,18.44%,4.48,14.59%,16.24%,29.44% 158.57%,16.35% 31.69%,56.24%,12.85%,130.75%,8.15%,Aug 04 AMC,4.44% 2.16%,0.43%,-4.79%,98.66%,-1.69%,23.88%,-,45.65,97.47%,35.17%,25.53%,-6.53%,-0.49%,4.01%,,758.00M,748.16M,2.84%,3.17,21.24M,226.10 -14.51%,150.14 28.74%,2.89% 2.90%,6.39,41.92,1.11,0.94,6.69M,"6,321,497",-6.00%,-6.80%,16.55%,6.19%,-9.77%,-13.49%,55.13%,109.69%,239.62%,1.50,239.24,195.13,193.29,-0.94%,6/9,6.37,-2.94,8.45,231.00,Modestly Undervalued,NASDAQ:BKNG,Neutral,-0.09,41.9,240.00,301.00,188.00,+24.17%,Strong Buy,2026-11-04,59,193.29,64,"{'valuation': 23, 'quality': 27, 'f_score': 12, 'z_score': 15, 'moat': 4, 'momentum': 10}"
YUM,Yum Brands Inc,Consumer Cyclical,Restaurants,USA,S&P 500,41.13B,53.68B,2.22B,8.72B,-26.03,3.15,2.98 (1.98%),2.92 (1.94%),"Sep 09, 2026",7.60% 8.60%,51.19%,49000,"Sep 12, 1997",18.95,20.72,2.07,4.72,-,47.77,24.50,17.53,6.16,0.59,0.59,-,-,Yes / Yes,7.95,10.21%,1.56,9.07%,10.03%,6.69% 13.51%,6.28% 7.76%,56.85%,10.28%,131.36%,12.21%,Jul 30 BMO,3.18% -0.53%,0.15%,-7.14%,91.71%,1.45%,28.42%,-,37.48,45.33%,32.42%,25.42%,0.04%,-1.65%,-2.67%,,273.00M,272.50M,3.17%,3.44,8.64M,170.14 -11.42%,137.33 9.74%,1.86% 2.31%,3.77,48.21,0.53,0.65,2.52M,"1,623,898",-2.05%,-1.03%,-0.11%,-5.81%,-0.38%,4.90%,16.25%,15.12%,129.67%,2.21,175.07,152.54,150.71,-1.20%,6/9,2.26,-2.48,5.45,170.00,Modestly Undervalued,NYSE:YUM,Sell,-0.38,48.2,175.50,200.00,147.00,+16.45%,Buy,2026-11-04,59,150.71,48,"{'valuation': 20, 'quality': 20, 'f_score': 12, 'z_score': 8, 'moat': 4, 'momentum': 4}"
MAR,Marriott International Inc,Consumer Cyclical,Lodging,USA,"NDX, S&P 500",87.75B,105.06B,2.59B,26.90B,-17.28,1.77,2.87 (0.85%),2.80 (0.83%),"Aug 20, 2026",38.21% 40.63%,27.77%,414000,"Mar 23, 1998",34.88,25.69,1.91,3.26,-,189.94,28.02,23.29,3.91,0.53,0.53,-,-,Yes / Yes,9.65,11.85%,2.82,16.89%,13.42%,9.52% -,8.02% 19.89%,8.81%,4.72%,4.26%,4.85%,Aug 03 BMO,3.59% -1.69%,20.45%,-0.01%,63.98%,-1.62%,9.33%,-,11.07,19.13%,15.73%,9.62%,-4.02%,-7.02%,-2.39%,,261.80M,207.44M,2.67%,3.48,5.55M,410.98 -18.12%,256.76 31.06%,2.14% 1.87%,7.37,33.64,1.17,0.74,1.60M,"1,175,577",-4.15%,-6.44%,-14.27%,3.93%,8.47%,25.17%,63.50%,153.02%,374.22%,2.26,384.58,336.07,336.51,0.13%,6/9,3.89,-2.6,9.94,312.00,Fairly Valued,NASDAQ:MAR,Sell,-0.26,33.6,394.00,425.00,280.00,+17.08%,Buy,2026-10-29,53,336.51,47,"{'valuation': 12, 'quality': 27, 'f_score': 12, 'z_score': 15, 'moat': 4, 'momentum': 4}"
AMZN,Amazon.com Inc,Consumer Cyclical,Internet Retail,USA,"DJIA, NDX, S&P 500",2788.37B,2907.09B,135.28B,775.68B,51.16,11.43,-,-,-,- -,0.00%,1576000,"May 15, 1997",20.79,24.34,0.99,3.59,5.05,22.62,-,16.75,3.75,0.87,1.03,0.44,0.40,Yes / Yes,12.43,-16.46%,1.96,77.32%,24.57%,- 27.96%,11.73% 13.18%,88.63%,15.77%,241.83%,19.62%,Jul 30 AMC,215.36% 1.81%,9.06%,-0.15%,69.42%,0.98%,15.22%,30.56%,11.25,50.77%,12.68%,17.44%,-1.41%,1.80%,8.11%,,10.78B,9.81B,0.97%,1.98,95.30M,287.20 -9.99%,196.00 31.89%,1.83% 2.05%,6.69,49.55,1.45,0.64,48.02M,"30,749,912",-2.97%,-5.05%,5.07%,21.25%,12.00%,9.69%,87.16%,48.65%,569.33%,1.21,330.76,258.90,258.51,-0.15%,6/9,4.77,-2.16,13.45,247.00,Fairly Valued,NASDAQ:AMZN,Neutral,0.00,49.5,330.00,405.00,230.00,+27.65%,Strong Buy,2026-10-22,46,258.51,56,"{'valuation': 15, 'quality': 27, 'f_score': 12, 'z_score': 15, 'moat': 4, 'momentum': 10}"
HD,Home Depot Inc,Consumer Cyclical,Home Improvement Retail,USA,"DJIA, S&P 500",320.31B,380.79B,14.23B,169.18B,16.65,2.09,9.21 (2.87%),9.29 (2.89%),"Sep 03, 2026",6.58% 8.92%,64.67%,472400,"Sep 22, 1981",22.47,20.09,3.54,1.89,19.28,153.63,21.21,15.03,2.25,0.31,1.08,3.77,3.14,Yes / Yes,14.29,6.50%,3.84,2.15%,5.67%,-5.18% 3.58%,1.52% 4.51%,-2.95%,2.50%,4.51%,5.71%,Aug 18 BMO,4.04% 1.31%,0.09%,-1.48%,77.69%,0.71%,13.59%,104.30%,19.25,31.22%,12.43%,8.41%,-4.07%,-5.33%,-6.65%,,998.00M,996.78M,1.04%,2.44,10.32M,426.75 -24.77%,289.10 11.05%,1.69% 2.01%,7.31,37.81,0.98,0.53,4.23M,"2,262,402",-2.77%,-8.15%,3.30%,-10.30%,-6.70%,-22.02%,-3.61%,-2.81%,137.55%,1.95,381.61,318.07,321.05,0.94%,4/9,5.54,-2.46,9.83,386.00,Modestly Undervalued,NYSE:HD,Sell,-0.22,37.8,385.00,425.00,320.00,+19.92%,Strong Buy,2026-11-17,72,321.05,46,"{'valuation': 20, 'quality': 18, 'f_score': 3, 'z_score': 15, 'moat': 4, 'momentum': 4}"
LOW,Lowe's Cos. Inc,Consumer Cyclical,Home Improvement Retail,USA,S&P 500,114.71B,153.32B,6.62B,90.43B,-13.26,6.07,4.95 (2.42%),4.85 (2.37%),"Oct 21, 2026",6.34% 15.61%,40.08%,276000,"Dec 19, 1979",17.29,15.76,3.30,1.27,-,33.67,16.39,12.10,1.70,0.27,1.10,-,-,Yes / Yes,11.83,5.73%,2.87,-0.17%,4.77%,5.24% 8.87%,-3.85% -0.75%,-2.84%,8.16%,0.04%,8.34%,Aug 19 BMO,4.19% -0.67%,0.68%,-0.94%,81.27%,0.52%,12.93%,-,19,30.59%,11.29%,7.32%,-3.68%,-4.17%,-13.45%,,561.00M,557.21M,1.65%,3.01,9.17M,293.06 -30.24%,199.34 2.56%,1.93% 2.27%,5.04,41.23,0.87,0.80,3.05M,"2,436,939",-1.73%,-6.39%,-2.98%,-18.83%,-15.22%,-22.72%,-12.07%,-0.74%,165.66%,1.81,253.30,201.90,204.45,1.26%,7/9,3.16,-1.57,8.14,253.00,Modestly Undervalued,NYSE:LOW,Sell,-0.26,41.2,256.50,290.00,191.00,+25.46%,Strong Buy,2026-11-18,73,204.45,62,"{'valuation': 23, 'quality': 31, 'f_score': 16, 'z_score': 15, 'moat': 4, 'momentum': 4}"
AZO,Autozone Inc,Consumer Cyclical,Auto Parts,USA,S&P 500,48.70B,61.02B,2.48B,19.99B,-170.11,19.37,-,-,-,- -,0.00%,130000,"Apr 02, 1991",20.51,17.04,1.60,2.44,-,154.02,29.82,14.31,3.05,0.14,0.89,-,-,Yes / Yes,145.45,15.84%,54.58,4.30%,10.63%,7.32% 15.03%,5.23% 8.44%,-2.63%,5.74%,7.65%,8.44%,Sep 22 BMO,5.12% -0.42%,0.27%,-2.95%,99.35%,3.44%,12.54%,-,23.76,51.75%,18.02%,12.40%,-0.70%,-1.75%,-11.77%,,16.37M,16.28M,2.52%,1.28,0.41M,4388.11 -32.01%,2902.20 2.79%,2.02% 2.24%,72.79,47.43,0.39,1.25,321.22K,"402,018",0.72%,-2.81%,-4.27%,-18.07%,-12.04%,-29.52%,17.34%,94.07%,303.29%,1.42,3952.82,2968.04,2983.29,0.51%,6/9,2.7,-2.37,5.79,3803.00,Modestly Undervalued,NYSE:AZO,Sell,-0.31,47.4,3989.50,4800.00,3200.00,+33.73%,Strong Buy,2026-09-22,16,2983.29,51,"{'valuation': 23, 'quality': 20, 'f_score': 12, 'z_score': 8, 'moat': 4, 'momentum': 4}"
ORLY,O'Reilly Automotive Inc,Consumer Cyclical,Auto Parts,USA,"NDX, S&P 500",71.10B,80.42B,2.65B,18.57B,-2.25,0.32,-,-,-,- -,0.00%,92923,"Apr 23, 1993",27.95,24.03,2.18,3.83,-,271.19,32.97,19.29,4.33,0.13,0.75,-,-,Yes / Yes,3.14,11.36%,0.93,10.61%,11.04%,9.97% 13.58%,7.26% 8.91%,12.39%,8.47%,10.77%,8.11%,Jul 29 AMC,-0.29% 0.57%,0.52%,-2.59%,91.04%,-1.01%,15.96%,-,25.23,51.64%,19.56%,14.27%,-2.17%,-1.26%,-4.64%,,816.17M,804.77M,3.03%,3.30,24.35M,108.71 -19.16%,82.59 6.42%,1.82% 1.95%,1.98,44.48,0.54,0.51,7.37M,"3,790,992",-0.69%,-5.87%,-2.70%,-7.09%,-3.64%,-16.33%,39.15%,125.43%,366.54%,1.47,108.60,87.38,87.89,0.58%,6/9,3.54,-2.58,6.16,97.00,Fairly Valued,NASDAQ:ORLY,Sell,-0.35,44.5,110.00,120.00,97.00,+25.16%,Strong Buy,2026-10-28,52,87.89,50,"{'valuation': 15, 'quality': 27, 'f_score': 12, 'z_score': 15, 'moat': 4, 'momentum': 4}"
GOOGL,Alphabet Inc,Communication Services,Internet Content & Information,USA,"DJIA, NDX, S&P 500",4121.96B,4014.85B,244.12B,446.31B,50.90,19.91,0.80 (0.24%),0.86 (0.25%),"Sep 04, 2026",- -,7.68%,190820,"Aug 19, 2004",17.00,22.44,1.23,9.24,6.65,17.00,77.37,22.64,9.00,2.64,2.72,0.18,0.18,Yes / Yes,19.91,-26.67%,3.02,90.28%,18.24%,33.35% 29.82%,12.78% 17.18%,112.71%,20.23%,294.02%,23.98%,Jul 22 AMC,216.61% 2.88%,52.18%,-0.01%,39.84%,2.22%,34.30%,48.68%,26.44,60.94%,33.96%,54.70%,-1.50%,-2.90%,0.75%,,5.87B,5.85B,1.24%,2.38,72.71M,408.61 -17.17%,226.11 49.69%,1.78% 1.79%,8.12,44.82,1.21,0.76,30.54M,"23,189,321",-2.35%,-5.39%,-8.16%,13.38%,8.13%,45.70%,149.49%,135.47%,749.47%,1.27,426.68,342.48,338.46,-1.17%,5/9,11.38,-2.71,12.82,255.00,Significantly Overvalued,NASDAQ:GOOGL,Sell,-0.45,44.8,425.00,515.00,340.00,+25.57%,Strong Buy,2026-10-27,51,338.46,36,"{'valuation': 5, 'quality': 23, 'f_score': 8, 'z_score': 15, 'moat': 4, 'momentum': 4}"
META,Meta Platforms Inc,Communication Services,Internet Content & Information,USA,"NDX, S&P 500",1571.23B,1592.58B,68.10B,228.25B,102.52,35.71,1.91 (0.31%),2.10 (0.34%),"Jun 15, 2026",- -,8.94%,78865,"May 18, 2012",23.23,18.21,0.98,6.88,6.02,17.27,38.35,14.52,6.98,2.23,2.23,0.43,0.42,Yes / Yes,26.55,7.86%,6.75,33.67%,18.57%,39.86% 18.41%,19.89% 18.51%,-5.02%,27.65%,-13.44%,27.96%,Jul 29 AMC,-14.02% 0.96%,13.64%,-0.02%,69.09%,-0.01%,18.29%,29.85%,25.09,81.75%,38.08%,29.84%,6.91%,3.57%,-0.89%,,2.21B,2.20B,1.27%,1.55,28.05M,790.80 -22.01%,520.26 18.55%,3.09% 3.09%,20.09,62.40,1.22,0.88,18.13M,"15,966,213",6.70%,4.56%,4.01%,-4.36%,-6.56%,-17.62%,108.10%,63.92%,387.53%,1.29,745.38,610.68,616.77,1.00%,5/9,6.83,-3.02,13.65,847.00,Modestly Undervalued,NASDAQ:META,Buy,0.42,62.4,745.00,1000.00,580.00,+20.79%,Strong Buy,2026-10-28,52,616.77,68,"{'valuation': 23, 'quality': 23, 'f_score': 8, 'z_score': 15, 'moat': 4, 'momentum': 18}"
DIS,Walt Disney Co,Communication Services,Entertainment,USA,"DJIA, S&P 500",181.84B,229.50B,8.60B,99.13B,63.60,3.00,1.38 (1.31%),1.50 (1.42%),"Jun 30, 2026",- 2.59%,14.60%,231000,"Jan 02, 1962",21.72,14.05,1.15,1.83,1.66,35.07,21.93,11.02,2.32,0.59,0.65,0.42,0.34,Yes / Yes,4.85,8.50%,1.68,16.53%,12.19%,58.46% -,4.48% 7.66%,-23.96%,5.31%,-48.08%,7.48%,Aug 05 BMO,11.01% -0.57%,0.17%,-0.49%,79.17%,0.08%,4.29%,7.85%,5.68,32.19%,15.43%,8.68%,-1.20%,4.05%,1.30%,,1.73B,1.72B,1.10%,1.82,18.94M,119.78 -12.08%,92.18 14.24%,2.00% 1.95%,2.28,50.46,1.42,0.59,10.42M,"6,112,057",-2.58%,0.60%,5.62%,3.71%,-7.44%,-11.36%,28.99%,-41.82%,11.53%,1.43,127.46,107.16,105.31,-1.73%,5/9,2.34,-2.57,11.69,115.00,Fairly Valued,NYSE:DIS,Neutral,-0.02,50.5,130.00,144.00,88.00,+23.45%,Strong Buy,2026-11-12,67,105.31,45,"{'valuation': 15, 'quality': 16, 'f_score': 8, 'z_score': 8, 'moat': 4, 'momentum': 10}"
NFLX,Netflix Inc,Communication Services,Entertainment,USA,"NDX, S&P 500",325.83B,333.34B,13.65B,48.77B,7.24,2.19,-,-,-,- -,0.00%,16000,"May 23, 2002",24.65,20.52,0.94,6.68,10.81,35.68,29.22,10.28,6.83,1.14,1.14,0.55,0.46,Yes / Yes,3.17,5.98%,0.82,42.21%,21.84%,36.44% 32.98%,12.72% 12.61%,34.80%,17.62%,11.06%,13.41%,Jul 16 AMC,1.73% -0.17%,0.72%,-4.85%,84.69%,-1.99%,24.47%,49.54%,23.99,49.53%,30.25%,27.99%,-1.34%,3.72%,-9.94%,,4.16B,4.13B,2.19%,2.18,90.51M,126.71 -38.24%,65.08 20.24%,3.23% 2.83%,2.40,49.16,1.60,0.97,41.44M,"40,190,010",-4.25%,6.19%,-4.78%,-20.98%,-16.54%,-37.77%,77.89%,32.51%,703.55%,1.70,94.32,82.67,78.25,-5.35%,7/9,9.97,-2.11,9.77,101.00,Modestly Undervalued,NASDAQ:NFLX,Sell,-0.36,49.2,93.50,135.00,70.00,+19.49%,Strong Buy,2026-10-20,44,78.25,59,"{'valuation': 20, 'quality': 31, 'f_score': 16, 'z_score': 15, 'moat': 4, 'momentum': 4}"
COST,Costco Wholesale Corp,Consumer Defensive,Discount Stores,USA,"NDX, S&P 500",406.11B,394.35B,8.84B,293.59B,75.55,45.09,5.15 (0.56%),5.54 (0.60%),"Jul 24, 2026",13.33% 12.75%,27.02%,341000,"Nov 27, 1985",46.06,40.40,3.65,1.38,12.12,20.31,46.12,28.60,1.34,0.61,1.07,0.25,0.24,Yes / Yes,19.88,10.47%,6.55,12.67%,11.07%,11.49% 15.09%,6.64% 10.54%,12.69%,9.23%,15.27%,11.58%,Sep 24 AMC,-1.35% 1.00%,0.12%,-0.43%,75.29%,0.59%,10.92%,29.15%,16.84,12.88%,3.82%,3.01%,-3.32%,-2.95%,-4.64%,,443.51M,442.96M,1.66%,3.37,7.36M,1096.50 -16.49%,844.06 8.49%,1.56% 1.55%,17.21,38.07,0.87,0.95,2.19M,"2,079,070",-3.14%,-3.52%,-5.78%,-8.25%,6.19%,-4.20%,72.08%,102.48%,532.95%,2.02,1085.55,925.41,915.74,-1.04%,8/9,8.93,-2.58,8.48,1038.00,Modestly Undervalued,NASDAQ:COST,Strong Sell,-0.56,38.1,1100.00,1315.00,781.00,+20.12%,Buy,2026-09-24,19,915.74,62,"{'valuation': 23, 'quality': 35, 'f_score': 20, 'z_score': 15, 'moat': 4, 'momentum': 0}"
WMT,Walmart Inc,Consumer Defensive,Discount Stores,USA,"DJIA, NDX, S&P 500",850.02B,918.81B,22.08B,735.84B,12.37,1.45,1.00 (0.93%),0.98 (0.91%),"Dec 11, 2026",7.82% 5.48%,34.44%,2100000,"Nov 20, 1972",38.82,33.18,2.97,1.16,8.66,73.73,62.92,19.40,1.25,0.23,0.77,0.75,0.58,Yes / Yes,2.76,11.70%,0.64,9.49%,11.19%,24.21% 11.53%,5.27% 4.99%,4.00%,6.16%,-8.97%,5.94%,Aug 20 BMO,9.19% 0.69%,44.22%,-0.43%,38.70%,0.12%,7.82%,23.44%,11.64,25.23%,4.39%,3.00%,-1.65%,-3.38%,-9.72%,,7.94B,4.43B,1.43%,2.57,63.07M,135.15 -20.73%,98.88 8.35%,2.10% 1.95%,2.54,45.66,0.58,0.84,24.58M,"20,540,472",3.93%,-4.40%,-9.88%,-13.46%,-3.83%,6.15%,98.94%,115.36%,343.34%,1.47,129.02,108.42,107.14,-1.18%,6/9,5.94,-2.75,6.90,103.00,Fairly Valued,NASDAQ:WMT,Sell,-0.38,45.7,130.00,155.00,110.00,+21.34%,Strong Buy,2026-11-19,74,107.14,50,"{'valuation': 15, 'quality': 27, 'f_score': 12, 'z_score': 15, 'moat': 4, 'momentum': 4}"
KO,Coca-Cola Co,Consumer Defensive,Beverages - Non-Alcoholic,USA,"DJIA, S&P 500",378.93B,408.26B,14.32B,50.57B,8.40,3.80,2.20 (2.49%),2.08 (2.36%),"Sep 15, 2026",5.04% 4.46%,67.13%,65900,"Jan 26, 1950",26.53,24.93,3.04,7.49,10.48,23.15,26.50,23.77,8.07,1.12,1.30,1.20,1.02,Yes / Yes,3.32,6.85%,0.88,10.18%,8.21%,11.48% 11.14%,4.14% 7.94%,17.58%,7.42%,16.19%,5.93%,Jul 28 BMO,4.07% 1.53%,0.68%,-7.32%,77.87%,0.10%,13.49%,44.23%,16.19,61.95%,31.93%,28.31%,-0.89%,2.33%,12.27%,,4.30B,4.27B,0.92%,2.23,39.23M,92.49 -4.78%,65.35 34.76%,1.45% 1.41%,1.44,50.21,0.31,0.98,17.58M,"17,295,166",-1.77%,1.40%,10.81%,14.32%,25.98%,29.04%,48.49%,55.24%,101.72%,1.70,96.24,88.81,88.07,-0.83%,9/9,5.48,-2.74,5.54,73.00,Modestly Overvalued,NYSE:KO,Neutral,0.02,50.2,96.00,104.00,85.00,+9.00%,Strong Buy,2026-10-27,51,88.07,55,"{'valuation': 6, 'quality': 35, 'f_score': 20, 'z_score': 15, 'moat': 4, 'momentum': 10}"
PEP,PepsiCo Inc,Consumer Defensive,Beverages - Non-Alcoholic,USA,"NDX, S&P 500",187.85B,230.52B,10.45B,96.91B,16.18,7.85,5.84 (4.24%),5.80 (4.22%),"Sep 04, 2026",7.45% 6.93%,93.68%,306000,"Dec 18, 1919",18.05,15.36,2.98,1.94,8.51,17.53,20.24,11.87,2.38,0.74,0.93,2.41,1.93,Yes / Yes,7.62,4.77%,2.30,5.08%,5.16%,-2.24% 3.25%,2.82% 5.94%,38.93%,5.62%,136.71%,6.41%,Jul 09 BMO,0.65% 0.98%,0.32%,-0.21%,81.98%,0.26%,9.61%,51.59%,12.91,53.98%,15.55%,10.78%,-2.08%,-1.44%,-7.50%,,1.37B,1.36B,1.73%,2.78,23.56M,171.48 -19.74%,133.73 2.92%,1.50% 1.33%,2.41,42.03,0.35,0.73,8.47M,"6,145,503",-2.44%,-0.59%,-3.02%,-13.67%,-4.10%,-6.30%,-21.50%,-12.39%,27.59%,2.50,155.00,140.02,137.63,-1.71%,6/9,3.44,-2.51,5.38,164.00,Modestly Undervalued,NASDAQ:PEP,Strong Sell,-0.51,42.0,155.00,183.00,124.00,+12.62%,Buy,2026-10-08,32,137.63,51,"{'valuation': 20, 'quality': 27, 'f_score': 12, 'z_score': 15, 'moat': 4, 'momentum': 0}"
BF-B,Brown-Forman Corp,Consumer Defensive,Beverages - Wineries & Distilleries,USA,S&P 500,12.33B,14.45B,721.00M,3.93B,8.65,0.69,0.95 (3.55%),0.92 (3.46%),"Dec 08, 2010",5.21% 5.32%,59.73%,4900,"Jul 02, 1962",17.23,15.61,3.09,3.14,3.09,38.54,13.33,11.90,3.68,1.14,3.26,0.62,0.52,Yes / Yes,1.55,0.37%,0.46,11.48%,5.06%,-2.04% -4.00%,-2.00% 2.71%,-13.00%,-0.18%,6.57%,-1.19%,Sep 02 BMO,2.84% -0.41%,39.06%,0.00%,44.65%,-1.92%,9.01%,18.12%,13.23,60.84%,28.53%,18.33%,-3.61%,-1.83%,-1.89%,,288.86M,279.62M,9.31%,10.17,26.02M,31.92 -16.26%,22.61 18.22%,3.07% 2.52%,0.84,43.50,0.33,0.78,2.56M,"1,991,709",-1.80%,-5.45%,2.18%,5.82%,2.57%,-5.21%,-59.95%,-61.79%,-28.27%,3.25,27.84,27.51,26.73,-2.84%,6/9,4.15,-2.61,5.03,33.00,Modestly Undervalued,NYSE:BF.B,Strong Sell,-0.56,43.5,28.00,35.00,20.00,+4.75%,Buy,2026-12-09,94,26.73,51,"{'valuation': 20, 'quality': 27, 'f_score': 12, 'z_score': 15, 'moat': 4, 'momentum': 0}"
STZ,Constellation Brands Inc,Consumer Defensive,Beverages - Brewers,USA,S&P 500,16.60B,27.34B,1.82B,9.06B,48.15,0.75,4.13 (3.22%),4.10 (3.20%),"Jul 30, 2026",8.44% 6.34%,42.47%,9400,"Nov 01, 1982",12.23,-,-,1.83,2.66,171.89,9.05,8.66,3.02,0.48,0.91,1.28,1.10,Yes / Yes,10.48,-,3.61,-0.15%,3.81%,- 0.84%,-1.13% 1.19%,541.77%,-9.99%,30.78%,-3.26%,Jun 30 AMC,7.39% 1.85%,12.43%,-0.04%,86.73%,-0.20%,8.22%,23.51%,11.14,50.60%,30.29%,20.15%,-3.58%,-3.71%,-11.69%,,171.47M,149.52M,4.94%,3.47,7.39M,168.60 -23.97%,126.45 1.37%,1.74% 2.16%,2.98,38.83,0.41,0.78,2.13M,"1,658,066",-1.92%,-3.27%,-9.03%,-12.49%,-7.09%,-12.13%,-50.60%,-39.49%,-23.25%,2.04,170.73,129.09,128.18,-0.70%,8/9,2.68,-2.69,4.75,179.00,Modestly Undervalued,NYSE:STZ,Sell,-0.47,38.8,173.50,209.00,115.00,+35.36%,Buy,2026-10-01,25,128.18,59,"{'valuation': 23, 'quality': 28, 'f_score': 20, 'z_score': 8, 'moat': 4, 'momentum': 4}"
MDLZ,Mondelez International Inc,Consumer Defensive,Confectioners,USA,"NDX, S&P 500",78.21B,98.57B,3.52B,39.67B,20.80,1.38,2.06 (3.36%),2.00 (3.26%),"Sep 30, 2026",9.69% 10.08%,102.74%,91000,"Jun 13, 2001",22.48,18.23,2.48,1.97,2.95,44.46,25.35,12.85,2.48,0.40,0.60,0.83,0.64,Yes / Yes,2.73,10.27%,0.72,4.41%,7.36%,-1.26% -5.21%,6.96% 7.71%,-0.53%,6.93%,143.73%,4.13%,Jul 28 AMC,7.37% 1.62%,0.21%,-4.75%,89.63%,-0.85%,4.94%,13.31%,5.22,35.01%,15.84%,8.86%,-2.31%,-0.40%,3.69%,,1.28B,1.27B,2.14%,3.06,27.28M,66.65 -8.06%,51.20 19.69%,2.01% 1.77%,1.32,43.75,0.38,0.89,8.92M,"7,906,536",-1.73%,-2.34%,-1.23%,4.93%,13.84%,0.62%,-12.07%,-0.71%,38.67%,1.96,69.05,61.45,61.28,-0.28%,6/9,2.42,-2.45,5.06,75.00,Modestly Undervalued,NASDAQ:MDLZ,Sell,-0.25,43.7,70.00,74.00,55.00,+14.23%,Strong Buy,2026-11-03,58,61.28,48,"{'valuation': 20, 'quality': 20, 'f_score': 12, 'z_score': 8, 'moat': 4, 'momentum': 4}"
HSY,Hershey Company,Consumer Defensive,Confectioners,USA,S&P 500,34.79B,39.92B,1.49B,12.16B,22.71,3.94,5.77 (3.33%),5.73 (3.31%),"Aug 14, 2026",12.29% 11.71%,126.17%,19595,"Dec 01, 1927",25.30,17.51,0.94,2.86,7.62,43.97,16.15,14.88,3.28,0.66,1.18,1.30,1.08,Yes / Yes,6.84,16.41%,2.12,34.61%,18.63%,-18.29% -6.59%,3.92% 7.49%,-2.62%,7.69%,476.06%,6.60%,Jul 30 BMO,33.27% 5.84%,27.99%,-2.09%,66.17%,2.09%,10.78%,32.81%,15.87,37.93%,17.71%,12.24%,-5.07%,-3.20%,-10.03%,,146.30M,144.69M,7.14%,5.76,10.33M,239.48 -27.70%,161.43 7.26%,2.07% 1.88%,4.01,37.77,0.08,0.83,1.79M,"1,494,564",-3.30%,-5.39%,-6.19%,-23.04%,-4.85%,-6.56%,-19.03%,-2.72%,74.37%,2.48,203.50,175.06,173.15,-1.09%,5/9,4.23,-2.68,4.67,207.00,Modestly Undervalued,NYSE:HSY,Sell,-0.47,37.8,200.00,250.00,170.00,+15.51%,Buy,2026-10-22,46,173.15,51,"{'valuation': 20, 'quality': 23, 'f_score': 8, 'z_score': 15, 'moat': 4, 'momentum': 4}"
MKC,McCormick & Co Inc,Consumer Defensive,Packaged Foods,USA,S&P 500,14.00B,19.18B,1.62B,7.39B,26.02,1.23,1.93 (3.70%),1.89 (3.63%),"Jul 06, 2026",6.74% 7.74%,61.43%,14100,"Mar 17, 1980",8.67,15.81,2.38,1.90,2.00,42.28,13.73,12.86,2.60,0.39,0.78,0.71,0.51,Yes / Yes,6.01,6.75%,0.76,2.87%,6.63%,5.10% 1.08%,2.51% 4.08%,108.44%,9.54%,-14.16%,16.70%,Jun 25 BMO,15.57% 1.20%,5.62%,-1.32%,91.53%,8.10%,10.91%,25.70%,6.87,38.92%,16.72%,21.91%,-4.18%,-1.46%,-8.82%,,254.06M,253.75M,5.22%,3.59,13.25M,72.41 -28.08%,44.82 16.20%,2.36% 2.39%,1.46,42.20,0.63,0.76,3.70M,"2,804,372",-5.87%,-0.38%,10.25%,-19.69%,-23.54%,-25.74%,-35.27%,-40.87%,2.26%,2.12,60.64,52.58,52.08,-0.95%,7/9,1.97,-2.13,6.84,81.00,Significantly Undervalued,NYSE:MKC,Sell,-0.45,42.2,60.00,75.00,52.00,+15.21%,Buy,2026-10-01,25,52.08,57,"{'valuation': 25, 'quality': 24, 'f_score': 16, 'z_score': 8, 'moat': 4, 'momentum': 4}"
LIN,Linde Plc,Basic Materials,Specialty Chemicals,United Kingdom,"NDX, S&P 500",220.15B,244.81B,7.24B,35.45B,84.78,10.63,6.44 (1.35%),6.30 (1.32%),"Sep 03, 2026",8.63% 9.28%,41.07%,65177,"Oct 31, 2018",30.83,24.38,2.60,6.21,5.63,44.95,44.25,18.23,6.91,0.75,0.88,0.72,0.53,Yes / Yes,15.49,9.56%,4.52,8.66%,9.39%,21.09% 25.41%,0.62% 4.52%,9.97%,6.63%,11.30%,9.35%,Jul 31 BMO,0.28% 3.03%,0.67%,-0.52%,88.48%,-0.58%,8.31%,18.67%,8.74,37.56%,27.10%,20.43%,-1.45%,-4.77%,-0.60%,,460.98M,457.88M,1.07%,2.22,4.92M,548.20 -12.88%,387.78 23.15%,1.52% 1.47%,8.46,38.50,0.71,1.02,2.22M,"2,273,912",-2.44%,-2.56%,-5.97%,-1.48%,12.00%,1.10%,22.80%,52.37%,-,1.59,546.65,482.19,477.57,-0.96%,6/9,3.81,-2.58,6.50,509.00,Fairly Valued,NASDAQ:LIN,Strong Sell,-0.51,38.5,553.00,612.00,400.00,+15.79%,Strong Buy,2026-10-22,46,477.57,43,"{'valuation': 12, 'quality': 27, 'f_score': 12, 'z_score': 15, 'moat': 4, 'momentum': 0}"
APD,Air Products & Chemicals Inc,Basic Materials,Specialty Chemicals,USA,S&P 500,67.09B,86.98B,-47.30M,12.60B,62.35,4.40,7.23 (2.40%),7.20 (2.39%),"Oct 01, 2026",3.93% 6.63%,-,21300,"Nov 13, 1961",-,20.86,2.25,5.32,4.83,68.42,-,18.89,6.90,0.92,1.08,1.31,1.24,Yes / Yes,-0.22,7.54%,3.61,11.66%,9.28%,- -,-1.77% 6.33%,-103.05%,4.51%,-301.94%,4.59%,Jul 30 BMO,3.80% -1.28%,0.06%,-1.99%,93.63%,-0.35%,-0.12%,-0.32%,,32.11%,24.29%,-0.38%,-1.37%,0.36%,6.64%,,222.69M,222.56M,1.74%,3.13,3.88M,314.87 -4.32%,229.11 31.50%,2.05% 1.95%,6.32,47.69,0.75,0.55,1.24M,"675,660",-2.21%,0.45%,6.70%,10.69%,21.96%,3.90%,1.09%,12.30%,107.44%,1.76,346.16,304.22,301.27,-0.97%,5/9,2.6,-2.68,5.31,287.00,Fairly Valued,NYSE:APD,Sell,-0.16,47.7,351.00,373.00,314.00,+16.51%,Strong Buy,2026-11-05,60,301.27,36,"{'valuation': 12, 'quality': 16, 'f_score': 8, 'z_score': 8, 'moat': 4, 'momentum': 4}"
SHW,Sherwin-Williams Co,Basic Materials,Specialty Chemicals,USA,"DJIA, S&P 500",81.01B,95.75B,2.69B,24.41B,15.88,1.21,2.97 (0.89%),3.19 (0.96%),"Aug 21, 2026",9.60% 12.04%,30.81%,64249,"Jul 02, 1962",30.77,24.53,2.53,3.32,21.02,276.02,25.21,20.11,3.92,0.46,0.73,3.90,2.79,Yes / Yes,10.85,12.33%,3.70,5.94%,9.70%,9.95% 6.86%,2.10% 5.12%,7.42%,5.76%,14.19%,7.52%,Jul 28 BMO,5.09% 2.84%,6.36%,-0.14%,86.16%,1.03%,10.28%,65.12%,13.44,48.26%,16.53%,11.01%,-4.00%,-2.71%,-0.14%,,242.80M,227.31M,2.82%,2.92,6.40M,377.77 -11.66%,289.86 15.13%,1.82% 1.87%,7.81,41.46,1.08,0.45,2.19M,"977,723",-3.23%,-8.18%,9.31%,1.16%,2.99%,-8.77%,21.43%,8.55%,249.52%,1.97,393.43,332.26,333.71,0.44%,6/9,3.49,-2.59,9.62,365.00,Fairly Valued,NYSE:SHW,Sell,-0.20,41.5,396.00,420.00,360.00,+18.67%,Strong Buy,2026-10-27,51,333.71,47,"{'valuation': 12, 'quality': 27, 'f_score': 12, 'z_score': 15, 'moat': 4, 'momentum': 4}"
ECL,Ecolab Inc,Basic Materials,Specialty Chemicals,USA,S&P 500,78.29B,87.10B,2.12B,16.84B,35.87,18.32,2.94 (1.05%),2.84 (1.02%),"Sep 15, 2026",9.17% 7.23%,36.82%,48000,"Mar 17, 1980",37.47,29.71,2.37,4.65,7.79,15.25,41.77,21.25,5.17,1.57,1.84,1.38,1.24,Yes / Yes,7.45,15.27%,2.17,8.30%,12.55%,24.09% -,4.26% 6.40%,-0.48%,7.11%,3.20%,9.69%,Jul 28 BMO,0.35% 0.75%,10.52%,-0.09%,83.30%,-0.24%,7.89%,21.85%,11.77,44.24%,18.22%,12.57%,-1.07%,0.17%,2.35%,,280.33M,250.83M,1.39%,2.34,3.48M,309.27 -9.70%,243.15 14.86%,2.02% 1.82%,5.76,47.21,0.88,0.68,1.49M,"1,017,335",-2.61%,-1.47%,8.26%,-1.21%,6.38%,1.58%,52.86%,24.05%,125.14%,1.54,326.14,278.97,279.28,0.11%,6/9,4.08,-2.51,8.67,277.00,Fairly Valued,NYSE:ECL,Neutral,0.05,47.2,330.00,360.00,295.00,+18.16%,Strong Buy,2026-11-03,58,279.28,53,"{'valuation': 12, 'quality': 27, 'f_score': 12, 'z_score': 15, 'moat': 4, 'momentum': 10}"
MLM,Martin Marietta Materials Inc,Basic Materials,Building Materials,USA,S&P 500,36.56B,42.79B,2.46B,6.69B,192.27,1.69,3.42 (0.66%),3.33 (0.65%),"Sep 01, 2026",8.45% 7.66%,17.27%,9600,"Feb 17, 1994",12.65,23.77,1.51,5.47,2.68,304.66,45.13,20.74,6.40,0.73,1.41,0.55,0.47,Yes / Yes,40.69,19.07%,6.74,11.30%,15.79%,10.60% 10.20%,-0.06% 5.39%,125.23%,0.06%,-23.22%,7.51%,Jul 30 BMO,5.08% 4.11%,19.02%,0.00%,85.81%,-0.28%,4.72%,8.89%,6.05,28.17%,21.30%,36.73%,-3.04%,-6.84%,-14.35%,,60.05M,57.51M,3.93%,3.69,2.26M,710.97 -27.60%,502.56 2.43%,2.48% 2.25%,13.76,41.02,1.08,1.13,613.18K,"692,255",-3.07%,-4.37%,-10.60%,-15.61%,-17.33%,-16.83%,12.55%,37.46%,178.81%,2.04,667.59,508.94,514.77,1.15%,6/9,3.34,-2.11,9.13,673.00,Modestly Undervalued,NYSE:MLM,Sell,-0.45,41.0,671.00,800.00,556.00,+30.35%,Buy,2026-11-04,59,514.77,58,"{'valuation': 23, 'quality': 27, 'f_score': 12, 'z_score': 15, 'moat': 4, 'momentum': 4}"
VMC,Vulcan Materials Co,Basic Materials,Building Materials,USA,S&P 500,34.03B,38.71B,1.12B,8.12B,65.41,2.23,2.10 (0.80%),2.05 (0.78%),"Aug 13, 2026",7.00% 7.58%,24.16%,11548,"Jan 11, 1950",31.00,24.48,1.52,4.19,4.01,117.88,33.13,16.08,4.77,1.20,1.76,0.58,0.53,Yes / Yes,8.47,17.35%,3.04,14.28%,16.06%,23.49% 13.09%,2.77% 10.33%,18.35%,6.86%,2.79%,2.54%,Jul 29 BMO,5.13% 0.71%,0.24%,-5.53%,101.39%,2.44%,6.69%,13.24%,7.83,27.51%,20.74%,13.75%,-4.05%,-7.01%,-8.93%,,129.40M,129.27M,4.93%,5.81,6.37M,331.09 -20.68%,252.35 4.07%,2.83% 2.41%,7.45,38.71,1.04,1.02,1.10M,"1,113,407",-4.33%,-6.75%,-6.66%,-4.49%,-7.92%,-10.16%,17.81%,45.65%,129.41%,1.92,330.90,260.23,262.63,0.92%,6/9,3.93,-2.65,9.74,284.00,Fairly Valued,NYSE:VMC,Sell,-0.45,38.7,335.00,365.00,283.00,+27.56%,Strong Buy,2026-10-29,53,262.63,50,"{'valuation': 15, 'quality': 27, 'f_score': 12, 'z_score': 15, 'moat': 4, 'momentum': 4}"
LNG,Cheniere Energy Inc,Energy,Oil & Gas Midstream,USA,-,60.31B,90.64B,2.91B,22.11B,29.78,7.35,2.32 (0.79%),2.22 (0.76%),"Aug 10, 2026",14.01% -,8.52%,1717,"Apr 04, 1994",21.73,17.05,-,2.73,9.81,39.70,21.61,10.41,4.10,0.72,0.87,4.29,3.97,Yes / Yes,13.44,226.19%,4.11,-78.24%,-12.77%,62.38% -,-16.53% 15.90%,-21.45%,21.65%,100.21%,25.37%,Aug 06 BMO,370.79% 16.59%,0.62%,-7.02%,90.81%,-0.88%,6.28%,45.06%,11.6,31.99%,30.21%,13.15%,4.65%,9.78%,21.50%,,207.90M,205.25M,2.16%,2.33,4.42M,300.89 -2.95%,186.20 56.82%,2.99% 2.51%,7.60,65.05,0.05,1.59,1.90M,"3,022,174",3.43%,9.87%,22.27%,14.44%,50.21%,23.22%,74.50%,224.73%,568.96%,1.42,311.05,290.85,292.00,0.40%,6/9,2.21,-1.92,3.02,268.00,Fairly Valued,NYSE:LNG,Buy,0.49,65.1,313.00,340.00,255.00,+7.19%,Strong Buy,2026-10-29,53,292.00,54,"{'valuation': 12, 'quality': 20, 'f_score': 12, 'z_score': 8, 'moat': 4, 'momentum': 18}"
KMI,Kinder Morgan Inc,Energy,Oil & Gas Midstream,USA,S&P 500,69.92B,103.30B,3.45B,17.90B,14.22,0.05,1.19 (3.80%),1.18 (3.76%),"Aug 03, 2026",2.08% 2.38%,85.19%,11028,"Feb 11, 2011",20.26,20.59,2.42,3.91,2.21,587.58,19.23,13.28,5.77,0.36,0.46,1.02,0.94,Yes / Yes,1.55,0.24%,0.31,17.05%,8.49%,6.80% 96.40%,-4.91% 7.93%,27.19%,12.44%,21.22%,12.04%,Jul 22 AMC,15.37% 5.98%,12.81%,-0.01%,71.82%,0.46%,4.71%,11.05%,5.57,36.32%,29.61%,19.27%,-1.22%,-1.76%,1.04%,,2.22B,1.94B,2.37%,4.53,46.04M,34.81 -9.78%,25.60 22.66%,2.01% 2.28%,0.74,45.97,0.57,0.76,10.17M,"7,728,789",-0.51%,0.38%,-0.88%,-6.49%,14.22%,17.56%,83.20%,92.17%,43.25%,2.08,36.33,31.60,31.40,-0.63%,6/9,1.31,-2.65,5.65,30.00,Fairly Valued,NYSE:KMI,Sell,-0.24,46.0,36.00,43.00,32.00,+14.65%,Buy,2026-10-21,45,31.40,32,"{'valuation': 12, 'quality': 12, 'f_score': 12, 'z_score': 0, 'moat': 4, 'momentum': 4}"
NEE,NextEra Energy Inc,Utilities,Utilities - Regulated Electric,USA,S&P 500,174.03B,292.04B,9.30B,28.08B,27.39,1.54,2.47 (2.96%),2.44 (2.92%),"Aug 28, 2026",10.12% 10.15%,68.65%,17400,"Feb 15, 1950",18.72,18.99,2.18,6.20,3.05,54.01,57.10,19.79,10.40,0.44,0.53,1.93,1.73,Yes / Yes,4.46,9.00%,1.19,8.63%,8.70%,16.35% 17.36%,-0.09% 9.21%,55.48%,11.83%,52.66%,7.95%,Jul 24 BMO,3.87% -7.08%,0.30%,-0.57%,87.19%,0.00%,4.31%,17.23%,3.78,35.80%,26.76%,33.12%,-1.22%,-3.61%,-4.99%,,2.09B,2.08B,2.39%,4.51,49.73M,98.75 -15.51%,69.24 20.49%,1.39% 1.40%,1.36,41.06,0.63,0.98,11.02M,"10,766,160",1.94%,-1.38%,-2.81%,-8.34%,3.92%,17.72%,24.76%,-2.64%,171.03%,1.86,102.53,84.06,83.43,-0.75%,5/9,1.06,-2.44,6.05,82.00,Fairly Valued,NYSE:NEE,Sell,-0.40,41.1,102.00,114.00,91.00,+22.26%,Strong Buy,2026-10-22,46,83.43,31,"{'valuation': 15, 'quality': 8, 'f_score': 8, 'z_score': 0, 'moat': 4, 'momentum': 4}"
SO,Southern Company,Utilities,Utilities - Regulated Electric,USA,S&P 500,101.36B,178.23B,4.66B,30.18B,34.40,2.60,3.03 (3.44%),3.00 (3.40%),"Aug 17, 2026",2.88% 2.97%,75.11%,29800,"Sep 30, 1949",21.26,17.88,2.31,3.36,2.56,33.91,-,13.06,5.91,0.58,0.79,1.95,1.77,Yes / Yes,4.14,7.33%,1.63,6.77%,7.73%,6.29% 6.75%,0.30% 7.86%,6.90%,6.40%,29.55%,0.06%,Jul 30 BMO,11.81% -3.51%,0.13%,-3.46%,74.50%,3.18%,3.00%,12.66%,4.11,29.22%,24.18%,15.43%,-2.46%,-5.65%,-4.65%,,1.15B,1.15B,2.84%,5.60,32.59M,100.83 -12.62%,83.80 5.14%,1.32% 1.42%,1.45,32.66,0.29,1.23,5.82M,"7,184,280",-0.16%,-5.16%,-4.85%,-9.61%,1.04%,-4.09%,31.08%,32.96%,70.10%,2.74,100.15,88.77,88.11,-0.74%,6/9,0.98,-2.73,4.55,94.00,Fairly Valued,NYSE:SO,Strong Sell,-0.51,32.7,101.00,112.00,79.00,+14.63%,Buy,2026-10-29,53,88.11,28,"{'valuation': 12, 'quality': 12, 'f_score': 12, 'z_score': 0, 'moat': 4, 'momentum': 0}"
DUK,Duke Energy Corp,Utilities,Utilities - Regulated Electric,USA,S&P 500,93.74B,188.21B,5.19B,33.25B,68.95,1.05,4.37 (3.63%),4.28 (3.56%),"Aug 14, 2026",1.97% 2.01%,66.81%,-,"Jul 12, 1961",18.04,16.76,2.48,2.82,1.74,115.01,-,12.17,5.66,0.43,0.66,1.68,1.52,Yes / Yes,6.67,6.88%,1.89,6.36%,6.76%,25.78% 29.70%,3.87% 6.20%,8.98%,6.33%,10.63%,1.12%,Aug 04 BMO,9.60% -0.87%,0.13%,-2.27%,71.68%,0.29%,2.68%,9.91%,3.91,31.37%,26.62%,15.61%,-1.42%,-3.62%,-3.26%,,780.00M,778.68M,2.29%,4.46,17.85M,134.49 -10.61%,113.89 5.55%,1.25% 1.46%,1.90,40.48,0.34,0.80,4.00M,"3,208,904",-0.02%,-2.97%,-3.22%,-9.27%,2.57%,-0.54%,36.72%,13.76%,49.83%,2.00,137.65,121.40,120.22,-0.97%,8/9,0.72,-2.77,4.19,124.00,Fairly Valued,NYSE:DUK,Strong Sell,-0.51,40.5,137.00,147.00,129.00,+13.96%,Strong Buy,2026-10-29,53,120.22,36,"{'valuation': 12, 'quality': 20, 'f_score': 20, 'z_score': 0, 'moat': 4, 'momentum': 0}"
AMT,American Tower Corp,Real Estate,REIT - Specialty,USA,S&P 500,81.94B,131.56B,3.40B,10.94B,7.98,4.06,7.18 (4.08%),6.98 (3.97%),"Jun 12, 2026",5.08% 8.46%,126.01%,4866,"Feb 27, 1998",24.18,25.06,1.96,7.49,22.03,43.29,20.69,18.76,12.02,0.35,0.35,12.09,10.51,Yes / Yes,7.27,0.68%,1.64,29.07%,12.81%,12.24% 7.32%,-0.21% 5.77%,163.52%,6.65%,137.79%,4.65%,Jul 28 BMO,18.71% 1.84%,0.19%,-3.95%,97.91%,0.19%,5.35%,91.52%,6.82,54.84%,45.16%,31.08%,0.75%,2.77%,-1.01%,,465.96M,465.09M,1.51%,2.38,7.03M,199.40 -11.81%,160.06 9.87%,2.30% 2.02%,4.22,52.81,0.88,0.65,2.96M,"1,931,611",-0.22%,2.72%,-9.41%,-6.76%,0.16%,-9.86%,-2.73%,-41.77%,52.79%,1.31,215.73,177.75,175.85,-1.07%,7/9,1.16,-2.8,6.86,208.00,"Possible Value Trap, Think Twice",NYSE:AMT,Buy,0.11,52.8,210.00,260.00,188.00,+19.42%,Strong Buy,2026-10-22,46,175.85,38,"{'valuation': 0, 'quality': 16, 'f_score': 16, 'z_score': 0, 'moat': 4, 'momentum': 18}"
EQIX,Equinix Inc,Real Estate,REIT - Specialty,USA,S&P 500,102.22B,123.37B,1.53B,9.80B,145.76,22.55,20.67 (2.00%),20.17 (1.95%),"Aug 19, 2026",14.80% 12.01%,136.36%,13716,"Aug 11, 2000",66.67,55.11,3.59,10.43,7.11,45.94,-,37.01,12.58,1.13,1.13,1.62,1.52,Yes / Yes,15.54,9.25%,4.14,25.05%,15.36%,21.50% 26.89%,8.26% 8.96%,52.13%,9.64%,28.74%,16.36%,Jul 29 AMC,2.18% 1.35%,0.32%,-7.14%,101.38%,1.11%,3.84%,10.77%,5.52,31.69%,9.22%,15.63%,-2.40%,-0.93%,7.79%,,98.67M,98.36M,1.68%,2.77,1.66M,1128.68 -8.21%,720.62 43.76%,2.37% 2.75%,30.59,45.18,0.97,0.58,598.15K,"344,611",-0.81%,-1.60%,-4.16%,10.54%,35.22%,34.91%,33.24%,17.35%,178.89%,1.40,1235.23,1040.83,1035.98,-0.47%,5/9,2.52,-2.65,8.37,944.00,Fairly Valued,NASDAQ:EQIX,Sell,-0.20,45.2,1230.00,1400.00,1060.00,+18.73%,Strong Buy,2026-11-04,59,1035.98,36,"{'valuation': 12, 'quality': 16, 'f_score': 8, 'z_score': 8, 'moat': 4, 'momentum': 4}"
DLR,Digital Realty Trust Inc,Real Estate,REIT - Specialty,USA,S&P 500,69.89B,90.72B,758.30M,6.85B,72.17,5.03,4.89 (2.60%),4.88 (2.59%),"Sep 15, 2026",0.00% 1.73%,136.30%,4282,"Oct 29, 2004",91.64,72.92,-,10.21,2.61,37.48,-,27.43,13.25,2.66,2.66,0.72,0.69,Yes / Yes,2.06,-4.60%,0.52,-24.35%,-3.65%,47.54% 28.98%,9.22% 9.38%,-45.63%,18.74%,-58.70%,28.86%,Jul 23 AMC,150.57% 16.08%,0.66%,-0.01%,104.81%,11.11%,1.55%,3.17%,2.46,28.41%,19.14%,11.07%,-1.57%,0.88%,5.32%,,370.01M,368.54M,2.08%,2.59,7.68M,208.14 -9.49%,146.23 28.83%,2.71% 2.42%,5.29,48.50,1.00,0.70,2.97M,"2,079,053",1.57%,-2.17%,0.86%,6.92%,21.77%,15.69%,42.60%,12.40%,88.20%,1.40,223.55,187.79,188.39,0.32%,6/9,1.85,-2.65,7.94,184.00,Fairly Valued,NYSE:DLR,Neutral,0.00,48.5,224.00,250.00,197.00,+18.90%,Strong Buy,2026-10-22,46,188.39,46,"{'valuation': 12, 'quality': 20, 'f_score': 12, 'z_score': 8, 'moat': 4, 'momentum': 10}"
CSGP,Costar Group Inc,Real Estate,Real Estate Services,USA,S&P 500,12.52B,12.43B,74.10M,3.56B,19.59,3.12,-,-,-,- -,0.00%,8441,"Jul 01, 1998",170.12,18.01,0.50,3.52,1.58,9.89,28.18,30.80,3.49,2.21,2.21,0.15,0.14,Yes / Yes,0.18,25.62%,0.34,57.06%,35.98%,-73.85% -51.08%,14.16% 14.37%,-28.75%,21.96%,831.51%,18.39%,Jul 28 AMC,11.97% -0.41%,0.91%,4.17%,104.71%,-1.97%,0.72%,0.90%,0.68,74.55%,2.43%,2.08%,-3.22%,2.03%,-29.31%,,404.80M,401.52M,4.16%,2.29,16.69M,91.89 -66.36%,25.89 19.37%,3.77% 4.23%,1.38,47.37,0.78,0.53,7.30M,"3,875,315",-4.07%,4.50%,-8.79%,-36.11%,-54.03%,-65.31%,-62.57%,-64.82%,45.08%,2.08,36.63,31.68,30.91,-2.43%,6/9,4.25,-2.23,7.82,103.00,Significantly Undervalued,NASDAQ:CSGP,Sell,-0.49,47.4,35.00,52.00,25.00,+13.23%,Buy,2026-10-27,51,30.91,60,"{'valuation': 25, 'quality': 27, 'f_score': 12, 'z_score': 15, 'moat': 4, 'momentum': 4}"
PPG,PPG Industries Inc,Basic Materials,Specialty Chemicals,USA,S&P 500,25.02B,31.03B,1.57B,16.42B,37.98,7.17,2.90 (2.58%),2.87 (2.55%),"Aug 10, 2026",4.73% 5.77%,40.19%,43500,"Dec 17, 1945",16.16,13.01,1.70,1.52,2.96,15.69,17.78,11.34,1.89,1.15,1.58,0.88,0.79,Yes / Yes,6.96,9.43%,2.14,4.30%,7.65%,16.96% 9.22%,-3.47% 2.79%,23.56%,1.47%,-0.79%,7.15%,Jul 28 AMC,-1.01% 2.97%,0.11%,0.00%,92.90%,-0.89%,7.02%,19.56%,10.42,37.46%,13.22%,9.54%,-0.71%,-2.82%,1.04%,,222.30M,222.05M,2.36%,2.94,5.24M,133.43 -15.66%,93.39 20.50%,2.52% 2.17%,2.88,46.96,1.04,0.66,1.78M,"1,174,970",-1.48%,-3.95%,-1.12%,5.46%,9.83%,2.64%,-20.76%,-27.71%,5.13%,2.19,126.95,110.75,112.53,1.61%,8/9,3.76,-2.57,8.20,133.00,Modestly Undervalued,NYSE:PPG,Sell,-0.25,47.0,125.50,138.00,115.00,+11.53%,Buy,2026-10-21,45,112.53,63,"{'valuation': 20, 'quality': 35, 'f_score': 20, 'z_score': 15, 'moat': 4, 'momentum': 4}"
ABNB,Airbnb Inc,Consumer Cyclical,Travel Services,USA,"NDX, S&P 500",108.94B,99.30B,2.69B,13.22B,13.22,20.27,-,-,-,- -,0.00%,8200,"Dec 10, 2020",41.35,29.34,1.32,8.24,13.76,8.98,22.43,34.37,7.51,1.41,1.41,0.32,0.32,Yes / Yes,4.40,17.39%,2.85,31.05%,22.31%,13.17% -,13.58% 29.50%,6.18%,14.20%,33.06%,16.54%,Aug 06 AMC,8.66% 0.78%,31.35%,-3.28%,62.74%,0.37%,9.65%,34.54%,28.83,72.56%,21.21%,20.35%,-1.63%,11.65%,30.51%,,420.00M,404.76M,3.18%,2.95,12.86M,193.45 -5.95%,110.81 64.19%,2.36% 3.07%,5.19,56.33,1.23,0.78,4.36M,"3,408,787",-3.95%,19.98%,36.24%,36.56%,34.06%,45.12%,37.12%,15.15%,-,2.15,181.38,185.25,181.94,-1.79%,6/9,3.9,-2.8,8.86,175.00,Fairly Valued,NASDAQ:ABNB,Neutral,0.04,56.3,185.00,220.00,125.00,+1.68%,Buy,2026-11-04,59,181.94,53,"{'valuation': 12, 'quality': 27, 'f_score': 12, 'z_score': 15, 'moat': 4, 'momentum': 10}"
LPLA,LPL Financial Holdings Inc,Financial,Capital Markets,USA,-,28.29B,33.58B,1.01B,19.61B,72.72,37.26,1.27 (0.35%),1.20 (0.33%),"Aug 14, 2026",6.27% 3.71%,10.99%,10099,"Nov 18, 2010",28.65,11.98,0.56,1.44,4.94,9.64,-,10.46,1.71,2.07,2.07,1.43,1.35,Yes / Yes,12.54,26.23%,5.92,18.25%,21.46%,1.61% 13.26%,25.47% 23.68%,-14.48%,38.82%,39.39%,35.24%,Jul 30 AMC,8.30% 2.98%,0.53%,-2.48%,105.89%,-1.15%,5.40%,18.59%,10.05,28.25%,12.77%,5.13%,-1.53%,5.61%,8.60%,,79.16M,78.33M,3.14%,2.99,2.46M,400.16 -10.20%,260.15 38.12%,2.96% 2.76%,10.38,52.57,0.52,0.54,822.35K,"441,063",-3.06%,0.08%,24.56%,14.60%,0.60%,-0.20%,53.33%,139.89%,1103.79%,1.65,415.53,360.45,359.33,-0.31%,3/9,3.28,-1.58,7.56,481.00,"Possible Value Trap, Think Twice",NASDAQ:LPLA,Neutral,-0.02,52.6,400.00,557.00,336.00,+11.32%,Strong Buy,2026-10-22,46,359.33,32,"{'valuation': 0, 'quality': 18, 'f_score': 3, 'z_score': 15, 'moat': 4, 'momentum': 10}"
EL,Estee Lauder Cos. Inc,Consumer Defensive,Household & Personal Products,USA,S&P 500,37.58B,43.32B,182.00M,15.08B,10.52,9.67,1.48 (1.43%),1.75 (1.68%),"Aug 31, 2026",-18.44% -7.52%,280.62%,55000,"Nov 17, 1995",208.72,26.35,1.17,2.49,9.87,10.74,28.55,17.43,2.87,0.90,1.22,2.43,2.19,Yes / Yes,0.50,18.64%,0.51,34.49%,22.47%,-43.64% -42.29%,-1.70% -1.49%,116.01%,5.51%,78.89%,6.81%,Aug 19 BMO,22.22% 2.31%,31.86%,-0.01%,65.77%,-0.89%,0.92%,4.75%,4.24,75.55%,11.21%,1.21%,7.48%,17.36%,12.56%,,247.29M,246.53M,3.09%,2.39,7.61M,121.64 -14.61%,66.22 56.84%,3.04% 3.21%,3.40,66.67,1.26,1.48,3.18M,"4,713,160",0.45%,21.49%,24.40%,12.01%,-0.82%,18.75%,-35.77%,-69.62%,15.89%,2.10,108.44,100.86,103.86,2.97%,7/9,3.2,-2.67,13.36,92.00,Modestly Overvalued,NYSE:EL,Strong Buy,0.51,66.7,107.00,127.00,90.00,+3.02%,Buy,2026-11-02,57,103.86,66,"{'valuation': 6, 'quality': 31, 'f_score': 16, 'z_score': 15, 'moat': 4, 'momentum': 25}"
PANW,Palo Alto Networks Inc,Technology,Software - Infrastructure,USA,"NDX, S&P 500",271.61B,271.04B,307.00M,11.48B,34.03,3.77,-,-,-,- -,0.00%,16068,"Jul 20, 2012",656.41,68.27,5.11,23.66,9.79,88.44,71.60,150.71,23.61,0.81,0.82,0.09,0.09,Yes / Yes,0.51,16.66%,0.97,8.98%,13.37%,-14.60% -,18.54% 21.95%,-68.55%,24.49%,-197.77%,34.45%,Sep 01 AMC,4.35% 1.74%,0.97%,-0.82%,84.79%,1.98%,0.85%,1.74%,2.24,78.89%,5.96%,2.67%,-8.39%,-4.59%,42.99%,,815.00M,807.06M,2.78%,3.30,22.41M,398.88 -16.45%,139.57 138.78%,5.03% 4.69%,18.85,43.50,0.94,0.83,6.79M,"5,639,384",-10.32%,-7.30%,22.50%,101.91%,80.92%,73.26%,174.60%,327.06%,1277.30%,1.62,398.91,331.94,333.26,0.40%,3/9,9.15,-2.37,11.92,215.00,Significantly Overvalued,NASDAQ:PANW,Sell,-0.18,43.5,412.50,475.00,190.00,+23.78%,Strong Buy,2026-11-12,67,333.26,31,"{'valuation': 5, 'quality': 18, 'f_score': 3, 'z_score': 15, 'moat': 4, 'momentum': 4}"
TSLA,Tesla Inc,Consumer Cyclical,Auto Manufacturers,USA,"NDX, S&P 500",1398.46B,1371.18B,3.81B,103.62B,21.99,11.15,-,-,-,- -,0.00%,134785,"Jun 29, 2010",328.98,156.72,6.62,13.50,16.10,31.77,242.70,121.89,13.23,1.55,1.94,0.19,0.16,Yes / Yes,1.08,33.66%,0.46,1.82%,23.67%,-33.28% 38.32%,5.19% 24.63%,-37.64%,11.75%,-5.50%,25.52%,Jul 22 AMC,-38.12% 6.86%,28.57%,-0.01%,44.24%,1.64%,2.75%,4.64%,4.19,18.85%,4.61%,3.67%,1.62%,-1.08%,-11.38%,,3.95B,2.82B,2.45%,1.66,69.20M,498.83 -29.02%,297.38 19.07%,4.17% 3.64%,15.27,50.93,1.91,1.56,41.70M,"65,018,209",1.53%,10.81%,-9.44%,-10.75%,-21.27%,4.59%,44.52%,44.80%,2585.41%,2.44,376.78,376.36,354.08,-5.92%,4/9,15.23,-2.9,16.25,333.00,Fairly Valued,NASDAQ:TSLA,Sell,-0.18,50.9,406.50,600.00,24.86,+14.80%,Buy,2026-10-28,52,354.08,38,"{'valuation': 12, 'quality': 18, 'f_score': 3, 'z_score': 15, 'moat': 4, 'momentum': 4}"
FICO,Fair Isaac Corp,Technology,Software - Application,USA,S&P 500,20.13B,25.48B,815.02M,2.39B,-172.41,11.50,-,-,"Mar 01, 2017",- -,0.00%,3811,"Jul 22, 1987",26.94,17.68,0.62,8.41,-,81.04,21.44,20.17,10.65,1.18,1.18,-,-,Yes / Yes,34.61,22.81%,11.03,43.70%,28.48%,23.25% 27.43%,13.07% 8.99%,34.17%,24.09%,41.22%,25.68%,Jul 29 AMC,3.57% -0.73%,3.34%,-0.13%,102.15%,-0.39%,41.80%,-,53.28,85.10%,52.11%,34.05%,-15.65%,-20.15%,-28.54%,,23.76M,20.88M,8.60%,5.88,1.80M,1998.01 -53.34%,870.01 7.16%,4.31% 3.94%,61.17,30.24,1.28,4.69,305.15K,"1,430,724",-19.18%,-9.66%,-18.03%,-36.84%,-44.86%,-38.62%,3.98%,99.53%,604.34%,2.04,1443.32,1118.93,932.26,-16.68%,8/9,8.83,-2.93,12.72,2276.00,Significantly Undervalued,NYSE:FICO,Strong Sell,-0.56,30.2,1530.00,1750.00,696.00,+64.12%,Buy,2026-11-11,66,932.26,64,"{'valuation': 25, 'quality': 35, 'f_score': 20, 'z_score': 15, 'moat': 4, 'momentum': 0}"
APH,Amphenol Corp,Technology,Electronic Components,USA,S&P 500,204.13B,217.66B,5.14B,29.01B,6.28,2.20,0.50 (0.60%),0.46 (0.55%),"Sep 22, 2026",22.76% 23.27%,22.29%,170000,"Nov 08, 1991",41.45,25.83,0.87,7.04,13.17,37.67,43.31,23.00,7.50,1.41,1.89,1.21,1.11,Yes / Yes,2.00,21.79%,0.71,57.58%,29.56%,29.71% 27.86%,22.31% 21.85%,59.57%,54.17%,59.99%,55.00%,Jul 29 BMO,14.74% 6.05%,0.48%,-9.41%,97.79%,-0.68%,14.60%,38.08%,24.27,38.95%,28.13%,17.73%,2.18%,2.82%,13.61%,,2.47B,2.45B,1.20%,2.01,29.55M,89.26 -7.26%,54.34 52.34%,3.42% 3.03%,2.87,55.52,1.24,0.76,14.69M,"11,224,540",4.96%,-2.96%,19.27%,25.55%,22.51%,46.84%,273.85%,329.80%,958.23%,1.45,99.80,82.07,82.78,0.87%,6/9,6.02,-2.1,12.11,78.00,Fairly Valued,NYSE:APH,Buy,0.47,55.5,99.00,115.00,87.50,+19.59%,Strong Buy,2026-10-28,52,82.78,61,"{'valuation': 12, 'quality': 27, 'f_score': 12, 'z_score': 15, 'moat': 4, 'momentum': 18}"
BRK.B,Berkshire Hathaway Inc,Financial,Insurance - Diversified,USA,S&P 500,974.25B,740.37B,85.77B,384.69B,348.26,189.85,-,-,-,- -,0.00%,387815,"May 09, 1996",12.72,22.81,6.98,2.53,1.45,2.67,40.23,9.68,1.92,6.88,7.29,0.17,0.17,Yes / Yes,39.77,0.04%,5.60,7.55%,3.27%,- 11.79%,7.14% 8.63%,36.30%,3.93%,107.75%,10.04%,Aug 08 AMC,19.56% 5.48%,34.47%,0.00%,44.83%,-0.01%,7.07%,12.11%,7.8,23.52%,16.25%,22.30%,0.12%,0.57%,2.77%,,2.14B,1.40B,0.79%,2.39,11.07M,537.74 -5.90%,464.01 9.06%,0.87% 1.19%,6.03,51.84,0.60,0.71,4.64M,"3,281,694",0.20%,-3.54%,3.67%,1.41%,0.67%,-0.17%,39.61%,79.51%,235.74%,2.71,541.08,508.13,506.03,-0.41%,8/9,,-2.47,5.48,542.00,Fairly Valued,NYSE:BRK.B,Buy,0.13,51.8,529.00,604.00,490.25,+4.54%,Buy,2026-11-02,57,506.03,62,"{'valuation': 12, 'quality': 28, 'f_score': 20, 'z_score': 8, 'moat': 4, 'momentum': 18}"
CCI,Crown Castle Inc,Real Estate,REIT - Specialty,USA,S&P 500,32.26B,54.42B,1.98B,4.16B,-7.68,2.94,4.26 (5.61%),4.25 (5.60%),"Sep 15, 2026",-7.34% -0.74%,102.87%,4000,"Aug 18, 1998",16.71,27.10,0.64,7.75,-,25.83,13.41,20.24,13.07,0.52,0.52,-,-,Yes / Yes,4.54,45.05%,0.69,90.96%,42.50%,6.18% 13.21%,-15.17% -6.10%,155.70%,-23.24%,-30.65%,-4.91%,Jul 22 AMC,-43.65% 1.30%,0.10%,-0.16%,102.75%,-1.00%,-0.17%,-276.36%,6.2,57.52%,48.27%,47.57%,0.65%,-0.76%,-10.55%,,426.00M,425.04M,2.30%,2.43,9.79M,100.50 -24.55%,69.72 8.76%,2.52% 2.19%,2.01,48.87,0.94,0.61,4.02M,"2,460,033",-0.41%,1.21%,-19.75%,-16.15%,-14.67%,-20.56%,-24.00%,-61.31%,-20.05%,2.00,94.37,77.26,75.83,-1.85%,8/9,-0.16,-2.84,6.88,89.00,"Possible Value Trap, Think Twice",NYSE:CCI,Sell,-0.31,48.9,93.00,120.00,81.00,+22.64%,Strong Buy,2026-10-21,45,75.83,31,"{'valuation': 3, 'quality': 20, 'f_score': 20, 'z_score': 0, 'moat': 4, 'momentum': 4}"
CLX,Clorox Co,Consumer Defensive,Household & Personal Products,USA,S&P 500,11.25B,16.85B,587.00M,6.72B,0.74,1.18,5.10 (5.48%),4.97 (5.34%),"Aug 12, 2026",1.59% 2.05%,103.41%,9200,"Aug 01, 1968",19.34,14.84,2.35,1.67,125.04,78.70,27.79,14.85,2.51,0.38,0.66,62.02,48.99,Yes / Yes,4.81,8.03%,1.11,4.98%,6.31%,58.81% -2.93%,-3.11% -1.75%,-26.46%,-5.41%,-50.12%,-2.01%,Aug 03 AMC,1.18% 1.73%,0.61%,0.68%,88.33%,2.10%,8.79%,285.64%,13.23,41.95%,13.21%,8.74%,-9.77%,-6.81%,-9.80%,,120.93M,120.20M,9.97%,4.51,11.98M,128.90 -27.80%,84.70 9.87%,3.23% 2.58%,2.90,30.08,0.56,0.83,2.65M,"2,216,373",-9.24%,-11.88%,-1.15%,-18.84%,-7.71%,-25.33%,-40.05%,-45.10%,-29.48%,3.23,98.38,94.29,93.06,-1.30%,4/9,2.07,-2.44,8.02,132.00,Modestly Undervalued,NYSE:CLX,Sell,-0.45,30.1,99.50,117.00,77.00,+6.92%,Buy,2026-11-04,59,93.06,39,"{'valuation': 20, 'quality': 11, 'f_score': 3, 'z_score': 8, 'moat': 4, 'momentum': 4}"
CMG,Chipotle Mexican Grill,Consumer Cyclical,Restaurants,USA,S&P 500,46.77B,51.51B,1.42B,12.42B,1.74,0.54,-,-,-,- -,0.00%,130301,"Jan 26, 2006",34.09,26.96,2.54,3.76,21.30,69.00,29.81,22.47,4.15,0.68,0.72,2.46,2.32,Yes / Yes,1.08,19.31%,0.29,-1.78%,10.61%,21.31% 35.50%,11.36% 14.79%,-4.37%,7.31%,-2.32%,9.31%,Jul 29 AMC,3.55% 0.52%,0.76%,-0.03%,93.03%,-1.33%,15.66%,49.56%,17.89,21.09%,15.41%,11.42%,3.60%,5.99%,6.05%,,1.27B,1.26B,3.05%,2.03,38.26M,42.81 -13.68%,28.03 31.84%,2.63% 2.97%,1.21,55.40,0.94,0.52,18.81M,"9,780,610",-2.81%,9.64%,25.97%,4.50%,-0.11%,-10.75%,-4.67%,-3.75%,352.49%,1.72,44.05,37.57,36.96,-1.62%,5/9,6.25,-3.52,8.46,59.00,Significantly Undervalued,NYSE:CMG,Buy,0.27,55.4,43.50,53.00,36.00,+17.69%,Strong Buy,2026-10-28,53,36.96,70,"{'valuation': 25, 'quality': 23, 'f_score': 8, 'z_score': 15, 'moat': 4, 'momentum': 18}"
COF,Capital One Financial Corp,Financial,Credit Services,USA,S&P 500,134.72B,-,2.88B,74.99B,182.28,-,3.23 (1.47%),3.20 (1.46%),"Aug 17, 2026",2.70% 21.06%,64.53%,76300,"Nov 16, 1994",77.41,9.21,0.75,1.80,1.20,-,4.94,-,-,-,2.72,0.46,0.45,Yes / Yes,2.84,16.70%,5.38,4.21%,12.28%,-39.19% -4.88%,21.79% 16.93%,-76.14%,39.21%,-3.25%,42.16%,Jul 21 AMC,21.20% 0.58%,1.13%,-0.71%,89.55%,0.79%,0.47%,3.17%,,-,4.34%,3.85%,0.49%,3.67%,5.79%,,615.86M,606.54M,1.77%,2.59,10.75M,259.64 -15.42%,174.24 26.03%,2.22% 2.00%,4.92,55.76,1.03,0.46,4.16M,"1,921,390",1.82%,-0.18%,21.55%,16.99%,-9.39%,-2.97%,112.17%,39.64%,207.66%,1.50,259.45,220.50,219.60,-0.41%,8/9,,-2.47,14.89,182.00,Modestly Overvalued,NYSE:COF,Buy,0.38,55.8,254.50,300.00,230.00,+15.89%,Strong Buy,2026-10-22,46,219.60,56,"{'valuation': 6, 'quality': 28, 'f_score': 20, 'z_score': 8, 'moat': 4, 'momentum': 18}"
COP,Conoco Phillips,Energy,Oil & Gas E&P,USA,S&P 500,161.29B,176.89B,9.25B,63.13B,54.40,6.40,3.38 (2.52%),3.36 (2.50%),"Aug 17, 2026",-13.95% 13.48%,50.07%,9900,"Jan 13, 1978",17.79,14.67,0.87,2.55,2.47,20.97,16.03,6.82,2.80,1.39,1.54,0.36,0.35,Yes / Yes,7.55,-10.72%,2.54,66.42%,16.78%,-24.17% -,-9.26% 25.63%,1.21%,9.47%,106.84%,37.70%,Aug 06 BMO,11.69% 3.73%,0.10%,-39.48%,87.14%,-1.70%,7.50%,14.13%,8.15,27.18%,22.14%,14.66%,2.62%,11.73%,19.09%,,1.20B,1.20B,1.41%,2.39,16.86M,137.42 -2.30%,85.57 56.90%,2.01% 2.07%,3.04,62.76,0.22,0.78,7.05M,"5,497,257",3.00%,14.99%,14.61%,14.68%,43.42%,40.19%,11.06%,152.59%,247.15%,1.78,145.88,135.72,134.26,-1.08%,6/9,3.46,-2.76,1.89,121.00,Modestly Overvalued,NYSE:COP,Buy,0.26,62.8,146.00,189.00,126.00,+8.74%,Strong Buy,2026-10-29,53,134.26,55,"{'valuation': 6, 'quality': 27, 'f_score': 12, 'z_score': 15, 'moat': 4, 'momentum': 18}"
FTNT,Fortinet Inc,Technology,Software - Infrastructure,USA,"NDX, S&P 500",114.67B,111.10B,2.12B,7.53B,2.11,5.55,-,-,-,- -,0.00%,15109,"Nov 18, 2009",55.07,41.40,2.65,15.23,73.92,28.18,36.79,42.80,14.76,1.19,1.28,0.32,0.32,Yes / Yes,2.84,9.44%,0.86,24.99%,15.64%,31.56% 32.99%,15.46% 21.25%,12.93%,18.77%,43.86%,25.64%,Jul 29 AMC,20.58% 8.44%,17.22%,-0.38%,72.24%,-0.99%,19.73%,117.44%,23.5,80.20%,32.37%,28.17%,-1.87%,-1.57%,42.01%,,733.60M,607.34M,2.34%,2.56,14.20M,173.89 -10.12%,73.55 112.49%,4.49% 4.13%,7.03,47.82,1.04,0.55,5.55M,"3,060,504",-5.85%,-2.39%,8.02%,86.79%,96.81%,104.46%,156.76%,144.06%,2021.78%,2.89,166.48,156.36,156.29,-0.04%,5/9,9,-2.85,9.66,105.00,Significantly Overvalued,NASDAQ:FTNT,Sell,-0.11,47.8,170.00,220.00,102.00,+8.77%,Buy,2026-10-29,53,156.29,33,"{'valuation': 2, 'quality': 23, 'f_score': 8, 'z_score': 15, 'moat': 4, 'momentum': 4}"
GE,GE Aerospace,Industrials,Aerospace & Defense,USA,S&P 500,349.78B,360.90B,8.96B,50.64B,17.00,9.01,1.79 (0.53%),1.66 (0.49%),"Jul 06, 2026",65.10% 35.10%,17.71%,57000,"Jun 23, 1892",39.74,37.02,2.10,6.91,19.83,37.43,41.66,34.01,7.13,0.67,0.98,1.15,1.02,Yes / Yes,8.48,15.01%,1.99,24.31%,17.64%,- 69.37%,-7.59% -9.57%,18.42%,21.69%,19.54%,21.10%,Jul 16 BMO,8.45% 6.33%,0.31%,-0.61%,82.02%,-0.25%,7.08%,48.75%,7.01,35.23%,18.52%,17.69%,-3.97%,-5.63%,4.92%,,1.04B,1.03B,1.30%,3.22,13.41M,388.84 -13.30%,268.91 25.37%,1.66% 2.20%,8.38,41.75,1.38,0.60,4.16M,"2,511,836",-1.59%,-9.99%,2.78%,4.34%,9.44%,19.43%,270.01%,417.13%,125.12%,1.52,407.80,333.48,337.12,1.09%,7/9,3.59,-2.39,11.16,271.00,Modestly Overvalued,NYSE:GE,Sell,-0.20,41.7,402.50,455.00,350.00,+19.39%,Strong Buy,2026-10-20,44,337.12,45,"{'valuation': 6, 'quality': 31, 'f_score': 16, 'z_score': 15, 'moat': 4, 'momentum': 4}"
GEHC,GE HealthCare Technologies Inc,Healthcare,Medical Devices,USA,"NDX, S&P 500",31.10B,39.78B,1.99B,21.27B,24.30,4.66,0.10 (0.15%),0.14 (0.20%),"Jul 24, 2026",- -,3.08%,54000,"Dec 15, 2022",15.82,12.66,1.33,1.46,2.83,14.78,19.70,11.27,1.87,0.91,1.21,0.96,0.95,Yes / Yes,4.35,10.41%,1.20,7.30%,9.54%,2.53% 0.61%,3.99% 3.74%,-11.06%,6.52%,16.45%,5.75%,Jul 29 BMO,9.08% 0.59%,0.30%,8.28%,92.11%,-1.51%,5.46%,19.19%,6.85,39.37%,13.73%,9.33%,-5.04%,0.83%,-5.33%,,451.69M,450.33M,3.87%,3.90,17.43M,89.77 -23.29%,58.75 17.21%,2.32% 2.07%,1.73,41.59,0.83,0.63,4.46M,"2,812,732",-3.99%,-2.06%,6.48%,-7.28%,-16.04%,-7.10%,-0.56%,-,-,1.62,82.18,69.72,68.86,-1.23%,5/9,1.87,-2.38,7.49,84.41,Modestly Undervalued,NASDAQ:GEHC,Sell,-0.38,41.6,82.00,96.00,70.00,+19.08%,Strong Buy,2026-11-04,59,68.86,44,"{'valuation': 20, 'quality': 16, 'f_score': 8, 'z_score': 8, 'moat': 4, 'momentum': 4}"
GWW,W.W. Grainger Inc,Industrials,Industrial Distribution,USA,S&P 500,62.38B,64.97B,1.87B,18.84B,87.71,12.51,9.67 (0.73%),9.50 (0.72%),"Aug 10, 2026",9.21% 8.25%,24.84%,25000,"Jun 23, 1971",33.62,25.93,2.11,3.31,15.10,105.92,41.31,20.38,3.45,1.70,2.81,0.68,0.66,Yes / Yes,39.40,9.83%,11.68,17.81%,12.29%,5.49% 22.39%,5.62% 8.75%,-0.65%,7.80%,20.51%,10.25%,Aug 04 BMO,6.31% 1.30%,6.23%,-0.22%,77.29%,0.68%,20.16%,47.92%,29.21,39.40%,15.55%,9.92%,1.00%,-1.12%,12.48%,,47.10M,44.17M,2.13%,3.21,0.94M,1419.91 -6.72%,906.52 46.11%,1.67% 1.71%,26.97,51.66,1.01,0.60,293.66K,"175,396",1.39%,3.27%,1.88%,19.02%,31.26%,28.84%,86.34%,208.27%,475.34%,2.95,1324.31,1312.84,1324.49,0.89%,7/9,13.03,-2.52,8.23,1170.00,Modestly Overvalued,NYSE:GWW,Buy,0.40,51.7,1350.00,1500.00,1100.00,+1.93%,Buy,2026-11-04,59,1324.49,59,"{'valuation': 6, 'quality': 31, 'f_score': 16, 'z_score': 15, 'moat': 4, 'momentum': 18}"
HII,Huntington Ingalls Industries Inc,Industrials,Aerospace & Defense,USA,S&P 500,11.27B,14.19B,661.00M,13.19B,134.81,0.30,5.59 (1.96%),5.52 (1.93%),"Aug 28, 2026",4.34% 5.12%,35.27%,44000,"Mar 22, 2011",17.05,13.65,0.82,0.85,2.12,938.91,-,14.67,1.08,1.14,1.23,0.55,0.55,Yes / Yes,16.77,12.30%,4.36,21.24%,16.59%,2.16% -2.13%,5.35% 5.93%,25.77%,13.97%,36.49%,10.90%,Jul 30 BMO,39.00% 8.43%,0.83%,-7.86%,91.40%,-0.71%,5.33%,12.97%,4.38,12.40%,4.89%,5.01%,-6.39%,-3.83%,-17.82%,,39.40M,39.08M,2.60%,2.10,1.02M,460.00 -37.84%,263.62 8.46%,2.36% 2.45%,8.37,37.07,0.20,0.65,484.59K,"312,681",-2.81%,-11.14%,-2.43%,-33.37%,-15.92%,5.91%,29.46%,40.73%,71.51%,2.00,368.73,290.73,285.93,-1.65%,7/9,2.89,-2.24,5.97,299.00,Fairly Valued,NYSE:HII,Strong Sell,-0.60,37.1,364.00,439.00,304.00,+27.30%,Strong Buy,2026-10-29,53,285.93,43,"{'valuation': 15, 'quality': 24, 'f_score': 16, 'z_score': 8, 'moat': 4, 'momentum': 0}"
KVUE,Kenvue Inc,Consumer Defensive,Household & Personal Products,USA,S&P 500,36.00B,43.50B,1.66B,15.41B,5.50,0.58,0.85 (4.51%),0.83 (4.45%),"Aug 12, 2026",- -,107.98%,22000,"May 04, 2023",21.73,15.01,2.03,2.34,3.41,32.43,18.81,12.33,2.82,0.71,1.01,0.82,0.68,Yes / Yes,0.86,6.10%,0.29,8.93%,7.41%,-10.84% -,0.43% 0.89%,16.81%,1.75%,8.86%,3.02%,Aug 06 BMO,-2.73% -0.27%,0.29%,-0.75%,96.32%,1.18%,6.16%,15.58%,9.51,58.36%,19.24%,10.76%,-1.62%,-2.29%,4.38%,,1.92B,1.92B,2.76%,2.59,52.78M,20.69 -9.42%,14.02 33.67%,1.73% 1.59%,0.37,43.65,0.43,1.32,20.39M,"26,857,137",-2.24%,-2.29%,5.82%,1.90%,8.64%,-8.76%,-18.38%,-,-,2.87,19.30,18.95,18.74,-1.11%,8/9,2.24,-2.5,6.40,19.00,Fairly Valued,NYSE:KVUE,Sell,-0.29,43.7,19.00,22.00,18.00,+1.39%,Buy,2026-11-11,66,18.74,48,"{'valuation': 12, 'quality': 28, 'f_score': 20, 'z_score': 8, 'moat': 4, 'momentum': 4}"
MO,Altria Group Inc,Consumer Defensive,Tobacco,USA,S&P 500,115.01B,137.27B,7.95B,20.46B,-1.60,1.42,4.33 (6.29%),4.24 (6.16%),"Sep 15, 2026",4.17% 4.12%,101.07%,5900,"Mar 15, 1923",14.51,11.72,2.93,5.62,-,48.59,12.62,9.22,6.71,0.38,0.52,-,-,Yes / Yes,4.75,3.52%,1.51,4.78%,4.00%,8.89% 11.40%,-0.93% -0.71%,-8.27%,1.01%,-2.52%,1.25%,Jul 30 BMO,-1.08% 0.20%,0.15%,-1.41%,66.23%,1.71%,24.21%,-,30.61,83.00%,71.58%,38.87%,2.66%,-1.36%,3.76%,,1.67B,1.67B,2.43%,4.70,40.56M,77.06 -10.62%,54.70 25.92%,1.86% 1.99%,1.56,51.83,0.46,0.81,8.62M,"7,025,245",0.34%,1.67%,-4.59%,3.56%,19.46%,3.44%,56.16%,35.14%,2.99%,2.88,69.90,69.49,68.88,-0.88%,8/9,5.07,-2.3,5.76,57.00,Modestly Overvalued,NYSE:MO,Buy,0.18,51.8,70.50,82.00,58.00,+2.35%,Buy,2026-10-29,53,68.88,63,"{'valuation': 6, 'quality': 35, 'f_score': 20, 'z_score': 15, 'moat': 4, 'momentum': 18}"
MSI,Motorola Solutions Inc,Technology,Communication Equipment,USA,S&P 500,77.46B,86.38B,2.13B,12.24B,16.15,4.29,4.60 (0.98%),4.72 (1.01%),"Sep 16, 2026",11.29% 11.24%,35.15%,23000,"Dec 17, 2010",36.87,24.46,2.19,6.33,28.99,109.10,28.94,23.37,7.06,0.84,1.08,3.60,3.32,Yes / Yes,12.70,8.12%,4.42,15.09%,11.19%,17.14% 18.67%,8.63% 9.52%,1.37%,10.30%,9.61%,13.31%,Aug 05 AMC,14.51% 4.37%,0.38%,-6.83%,91.81%,0.95%,11.97%,91.98%,15.21,49.31%,25.29%,17.44%,-1.61%,5.27%,10.74%,,165.50M,164.86M,1.88%,3.06,3.10M,494.85 -5.42%,359.36 30.25%,1.95% 2.14%,10.51,50.93,0.88,0.74,1.01M,"751,093",-3.69%,-1.27%,14.06%,1.58%,22.10%,-2.21%,64.99%,91.16%,500.45%,1.65,530.50,472.23,468.05,-0.89%,6/9,4.22,-2.48,7.77,473.00,Fairly Valued,NYSE:MSI,Neutral,-0.02,50.9,530.00,550.00,476.00,+13.24%,Strong Buy,2026-10-29,53,468.05,53,"{'valuation': 12, 'quality': 27, 'f_score': 12, 'z_score': 15, 'moat': 4, 'momentum': 10}"
NXPI,NXP Semiconductors NV,Technology,Semiconductors,Netherlands,"NDX, S&P 500",57.45B,65.57B,2.98B,13.19B,45.19,12.78,4.19 (1.84%),4.06 (1.78%),"Sep 16, 2026",6.30% 22.04%,50.72%,32169,"Aug 06, 2010",19.44,12.53,0.60,4.36,5.04,17.83,20.26,14.37,4.97,1.36,2.04,0.96,0.88,Yes / Yes,11.72,20.53%,4.11,27.72%,21.06%,-9.08% 112.19%,-2.42% 7.33%,39.24%,8.77%,72.23%,19.48%,Jul 28 AMC,2.67% 0.89%,0.13%,-3.99%,98.20%,-2.32%,11.46%,28.38%,13.25,55.15%,28.70%,22.56%,0.06%,-8.97%,-6.51%,,252.26M,251.83M,3.71%,2.29,9.34M,339.95 -32.98%,183.00 24.50%,2.30% 2.44%,7.26,43.90,1.82,0.71,4.07M,"2,905,923",1.90%,-1.70%,-23.02%,12.93%,4.96%,1.08%,8.51%,6.97%,158.46%,1.83,313.29,224.99,227.84,1.26%,7/9,3.51,-2.41,15.06,245.00,Fairly Valued,NASDAQ:NXPI,Sell,-0.11,43.9,312.00,400.00,190.00,+36.94%,Strong Buy,2026-10-27,52,227.84,54,"{'valuation': 15, 'quality': 31, 'f_score': 16, 'z_score': 15, 'moat': 4, 'momentum': 4}"
PG,Procter & Gamble Co,Consumer Defensive,Household & Personal Products,USA,"DJIA, S&P 500",340.39B,366.46B,15.75B,87.03B,22.95,4.28,4.38 (2.99%),4.29 (2.93%),"Jul 24, 2026",5.00% 5.63%,64.30%,104000,"Mar 22, 1950",22.12,19.81,4.66,3.91,6.38,34.24,22.47,15.32,4.21,0.47,0.68,0.65,0.43,Yes / Yes,6.62,5.98%,1.88,1.24%,4.25%,3.94% 3.79%,2.00% 2.72%,1.15%,3.26%,-14.70%,1.50%,Jul 29 BMO,1.56% -0.83%,0.07%,-2.60%,72.66%,-0.01%,12.75%,30.25%,13.72,50.87%,23.86%,18.10%,1.01%,-0.19%,-0.77%,,2.32B,2.32B,1.06%,2.72,24.56M,167.25 -12.44%,137.62 6.41%,1.69% 1.37%,2.47,52.45,0.38,0.62,9.01M,"5,589,155",1.85%,-0.36%,-0.07%,-4.68%,2.18%,-8.01%,-5.22%,1.66%,66.03%,2.22,159.67,146.92,146.44,-0.33%,6/9,5.45,-2.67,6.86,167.00,Modestly Undervalued,NYSE:PG,Neutral,0.09,52.4,162.00,177.00,143.00,+10.63%,Buy,2026-10-22,46,146.44,61,"{'valuation': 20, 'quality': 27, 'f_score': 12, 'z_score': 15, 'moat': 4, 'momentum': 10}"
PM,Philip Morris International Inc,Consumer Defensive,Tobacco,USA,S&P 500,284.49B,329.50B,10.84B,42.45B,-5.51,3.87,6.00 (3.29%),5.88 (3.22%),"Jun 25, 2026",3.82% 3.54%,77.65%,84900,"Mar 17, 2008",26.24,19.98,2.03,6.70,-,47.13,22.36,18.42,7.76,0.55,0.98,-,-,Yes / Yes,6.96,9.16%,2.27,10.97%,9.85%,7.70% 7.09%,8.74% 7.15%,32.00%,9.12%,-7.41%,10.19%,Jul 22 BMO,7.28% 5.57%,0.22%,0.00%,85.55%,0.41%,15.86%,-,24.4,65.33%,37.32%,25.55%,-3.23%,-2.87%,4.66%,,1.56B,1.56B,0.84%,2.63,12.99M,207.76 -12.14%,142.11 28.44%,2.21% 2.04%,4.45,40.51,0.36,0.64,4.93M,"3,155,751",-4.88%,-2.94%,2.38%,7.38%,13.80%,13.27%,90.77%,72.04%,79.36%,1.83,208.62,186.17,182.53,-1.96%,8/9,4.44,-2.66,5.10,158.00,Modestly Overvalued,NYSE:PM,Sell,-0.36,40.5,215.00,230.00,175.00,+17.79%,Strong Buy,2026-10-20,44,182.53,49,"{'valuation': 6, 'quality': 35, 'f_score': 20, 'z_score': 15, 'moat': 4, 'momentum': 4}"
TSCO,Tractor Supply Co,Consumer Cyclical,Specialty Retail,USA,S&P 500,18.23B,24.54B,1.01B,15.75B,5.04,0.44,0.97 (2.76%),0.95 (2.72%),"Aug 24, 2026",7.53% 25.12%,44.67%,52000,"Feb 18, 1994",18.27,17.10,5.96,1.16,6.94,78.72,59.39,12.83,1.56,0.23,1.33,2.49,2.31,Yes / Yes,1.92,5.80%,0.40,-6.11%,2.87%,1.99% 10.06%,3.00% 7.89%,-5.90%,3.98%,-14.90%,2.29%,Jul 23 BMO,-0.99% -0.82%,0.34%,1.16%,97.06%,0.13%,8.91%,39.51%,12.85,33.23%,8.91%,6.42%,-0.46%,6.84%,-16.45%,,521.85M,519.26M,6.80%,3.13,35.31M,60.87 -42.52%,28.36 23.38%,3.35% 3.06%,1.06,56.72,0.50,0.58,11.28M,"6,567,418",0.78%,2.64%,17.49%,-30.24%,-30.03%,-42.30%,-20.66%,-12.00%,105.68%,2.15,35.23,34.60,34.99,1.13%,6/9,3.81,-2.51,5.32,56.00,Significantly Undervalued,NASDAQ:TSCO,Buy,0.18,56.7,35.00,42.00,28.00,+0.03%,Buy,2026-10-22,46,34.99,74,"{'valuation': 25, 'quality': 27, 'f_score': 12, 'z_score': 15, 'moat': 4, 'momentum': 18}"
ZTS,Zoetis Inc,Healthcare,Drug Manufacturers - Specialty & Generic,USA,S&P 500,31.33B,38.89B,2.62B,9.52B,7.60,4.06,2.15 (2.83%),2.09 (2.76%),"Jul 20, 2026",14.57% 19.02%,33.71%,14500,"Feb 01, 2013",12.47,11.73,3.87,3.29,9.97,18.69,13.24,9.56,4.09,1.84,3.08,2.93,2.93,Yes / Yes,6.08,3.36%,1.51,-2.45%,3.03%,10.25% 11.96%,5.42% 7.24%,4.54%,1.41%,2.64%,0.33%,Aug 06 BMO,0.95% -1.34%,0.23%,1.24%,100.09%,-4.24%,17.70%,64.39%,24.76,70.22%,37.65%,27.49%,-0.03%,0.31%,-26.43%,,414.15M,412.27M,4.07%,2.65,16.78M,155.15 -51.14%,71.00 6.77%,2.55% 3.36%,2.50,48.79,0.73,0.66,6.34M,"4,170,461",-1.98%,-1.89%,-4.57%,-37.57%,-39.75%,-50.52%,-60.62%,-63.85%,47.89%,2.20,91.00,76.29,75.81,-0.63%,6/9,4.68,-2.57,7.33,180.00,Significantly Undervalued,NYSE:ZTS,Sell,-0.33,48.8,85.00,115.00,80.00,+12.12%,Buy,2026-11-11,66,75.81,60,"{'valuation': 25, 'quality': 27, 'f_score': 12, 'z_score': 15, 'moat': 4, 'momentum': 4}"
VRSN,Verisign Inc,Technology,Software - Infrastructure,USA,S&P 500,26.37B,27.68B,850.00M,1.71B,-24.93,11.45,2.83 (0.97%),3.20 (1.10%),"Aug 19, 2026",- -,26.24%,928,"Jan 30, 1998",31.70,26.30,2.05,15.44,-,25.51,24.74,23.34,16.21,0.59,0.59,-,-,Yes / Yes,9.21,13.42%,2.46,11.12%,12.82%,12.16% 4.49%,5.15% 5.54%,10.11%,6.86%,7.71%,6.03%,Jul 23 AMC,-1.64% 0.32%,0.81%,-7.23%,100.14%,-1.55%,52.95%,-,44.64,88.47%,67.86%,49.77%,1.90%,4.68%,11.59%,,90.40M,89.57M,1.66%,1.87,1.49M,312.48 -6.53%,208.86 39.84%,2.48% 2.53%,7.83,56.25,0.69,0.62,797.33K,"494,592",0.05%,-0.15%,-0.96%,19.81%,20.22%,5.41%,42.37%,32.62%,269.63%,2.62,330.00,293.35,292.08,-0.43%,9/9,-2.31,-3.32,5.31,271.00,Fairly Valued,NASDAQ:VRSN,Buy,0.47,56.3,324.50,355.00,316.00,+11.10%,Buy,2026-10-22,46,292.08,54,"{'valuation': 12, 'quality': 20, 'f_score': 20, 'z_score': 0, 'moat': 4, 'momentum': 18}"
GOOG,Alphabet Inc,Communication Services,Internet Content & Information,USA,"NDX, S&P 500",4121.96B,4014.85B,244.12B,446.31B,50.90,19.72,0.80 (0.24%),0.86 (0.26%),"Sep 04, 2026",- -,7.68%,190820,"Mar 27, 2014",16.85,22.25,1.22,9.24,6.59,17.00,77.37,22.64,9.00,2.64,2.72,0.18,0.18,Yes / Yes,19.91,-26.72%,3.02,90.27%,18.16%,33.35% 29.82%,12.78% 17.18%,112.71%,20.23%,294.02%,23.98%,Jul 22 AMC,216.66% 2.89%,58.00%,-0.01%,28.69%,2.19%,34.30%,48.68%,26.44,60.94%,33.96%,54.70%,-1.62%,-3.24%,0.16%,,5.53B,5.14B,0.83%,2.09,42.89M,404.47 -17.10%,226.76 47.87%,1.79% 1.73%,7.83,43.97,1.20,0.62,20.56M,"12,700,476",-2.21%,-5.98%,-8.33%,12.41%,6.85%,44.12%,145.11%,131.61%,769.29%,1.27,426.34,339.08,335.31,-1.11%,5/9,11.38,-2.71,12.82,252.00,Significantly Overvalued,NASDAQ:GOOG,Sell,-0.45,44.0,425.00,515.00,340.00,+26.75%,Strong Buy,2026-10-27,51,335.31,36,"{'valuation': 5, 'quality': 23, 'f_score': 8, 'z_score': 15, 'moat': 4, 'momentum': 4}"
TSM,Taiwan Semiconductor Manufacturing ADR,Technology,Semiconductors,Taiwan,-,2224.53B,2148.95B,71.86B,142.82B,38.93,21.29,4.14 (0.96%),3.50 (0.81%),"Sep 16, 2026",25.39% 14.54%,25.98%,-,"Oct 08, 1997",30.96,19.61,0.51,15.58,11.02,20.14,55.75,21.08,15.05,2.25,2.46,0.17,0.14,Yes / Yes,13.86,30.66%,4.38,59.51%,38.13%,17.37% 25.67%,17.20% 21.86%,57.78%,34.60%,73.31%,32.92%,Jul 16 BMO,10.78% -1.20%,0.08%,-3.87%,15.07%,-1.02%,26.90%,40.06%,46.55,63.08%,55.84%,50.31%,2.14%,2.02%,15.04%,,5.19B,5.18B,0.58%,2.31,30.16M,479.00 -10.46%,230.30 86.24%,1.98% 2.05%,11.52,56.77,1.39,0.94,13.07M,"12,283,959",2.73%,2.56%,3.31%,26.56%,41.14%,82.35%,360.25%,245.98%,1371.89%,1.32,543.66,417.01,428.91,2.85%,8/9,15.55,-1.97,3.19,330.00,Modestly Overvalued,NYSE:TSM,Strong Buy,0.56,56.8,535.00,650.00,440.00,+24.73%,Strong Buy,2026-10-15,39,428.91,73,"{'valuation': 9, 'quality': 35, 'f_score': 20, 'z_score': 15, 'moat': 4, 'momentum': 25}"
TGT,Target Corp,Consumer Defensive,Discount Stores,USA,S&P 500,74.13B,87.81B,4.39B,107.70B,39.28,11.91,4.13 (2.53%),4.58 (2.81%),"Aug 12, 2026",3.12% 10.95%,55.83%,415000,"Sep 08, 1969",16.93,17.02,1.58,0.69,4.15,13.70,16.64,9.39,0.82,0.36,0.99,1.07,0.98,Yes / Yes,9.64,-4.90%,2.05,33.14%,10.79%,10.78% -1.21%,-1.34% 2.29%,12.49%,1.95%,100.31%,5.27%,Aug 19 BMO,75.21% 1.56%,0.22%,-11.94%,89.23%,0.74%,7.38%,26.41%,11.43,26.83%,5.74%,4.08%,4.50%,13.15%,35.21%,,454.29M,453.26M,3.03%,3.03,13.73M,170.75 -4.43%,83.44 95.57%,2.81% 2.95%,5.03,63.49,1.0,0.81,4.53M,"3,644,522",-1.37%,12.92%,28.42%,43.40%,66.94%,68.56%,32.20%,-34.51%,131.95%,2.63,163.42,165.93,163.18,-1.66%,6/9,3.36,-2.75,8.14,131.0,Modestly Overvalued,NYSE:TGT,Buy,0.45,63.5,160.0,200.0,125.0,-1.95%,Buy,2026-11-18,79,163.18,55,"{'valuation': 6, 'quality': 27, 'f_score': 12, 'z_score': 15, 'moat': 4, 'momentum': 18}"
CLSK,Cleanspark Inc,Financial,Capital Markets,USA,RUT,2.99B,4.57B,-1.03B,679.25M,2.96,0.80,-,-,-,- -,0.00%,314,"Jul 18, 2012",-,-,-,4.41,3.93,14.51,-,51.06,6.73,5.91,5.91,2.34,2.34,Yes / Yes,-3.77,58.52%,-0.3,-420.43%,-,- -,79.94% 138.03%,-468.86%,7.49%,-215.54%,-30.53%,Aug 06 AMC,-88.36% -3.06%,3.99%,-0.00%,97.33%,13.57%,-34.38%,-68.62%,-17.92,-36.91%,-51.83%,-151.38%,-6.01%,-13.97%,-6.98%,,256.80M,246.57M,29.88%,3.33,73.69M,23.61 -50.61%,8.00 45.75%,7.64% 8.42%,1.16,43.97,3.85,0.91,22.13M,"20,065,902",-2.67%,-19.81%,-36.25%,17.19%,15.22%,22.09%,157.96%,-17.19%,-66.69%,1.07,23.68,12.95,11.66,-9.96%,3/9,-0.32,-2.96,27.12,12.0,Fairly Valued,NASDAQ:CLSK,Strong Sell,-0.56,44.0,23.5,27.0,21.0,+101.54%,Strong Buy,2026-12-16,107,11.66,22,"{'valuation': 15, 'quality': 3, 'f_score': 3, 'z_score': 0, 'moat': 4, 'momentum': 0}"
